recipe_id,ingredient,quantity,unit_of_measure,preparation_technique,alternate_ingredient,alternate_quantity
1,corn oil,1,glass,,,
1,eggplant,2,unit,peeled; diced,,
1,extra-virgin olive oil,2,spoon,,,
1,garlic,3,clove,smashed,,
1,parsley,20,gr,chopped,,
1,potato,2,unit,peeled; diced,,
1,salt,,,,,
1,sugar,1,small spoon,,,
1,tomato,4,unit,peeled; diced,,
1,zucchini,2,unit,diced,,
2,dry mint,1,small spoon,,,
2,extra-virgin olive oil,0.5,glass,,,
2,feta cheese,1,glass,crumbled,,
2,garlic,3,clove,smashed,,
2,greek yogurt,200,gr,,,
2,chili powder,0.5,small spoon,,,
2,salt,,,,,
2,white yogurt,500,gr,,,
3,eggplant,2,unit,,,
3,extra-virgin olive oil,4,spoon,,,
3,garlic,3,clove,smashed,,
3,lemon,1,unit,juiced,,
3,parsley,1,bunch,chopped,,
3,salt,,,,,
3,green onion,2,unit,chopped,,
3,tomato,3,unit,diced,,
4,extra-virgin olive oil,0.5,glass,,,
4,garlic,3,clove,smashed,,
4,greek yogurt,200,gr,,,
4,isot pepper,1,spoon,,,
4,onion,1,unit,chopped,,
4,salt,,,,,
4,walnut,150,gr,small pieces,,
4,white yogurt,500,gr,,,
4,zucchini,5,unit,grated; drained,,
5,black olive,12,unit,,,
5,cherry tomato,10,unit,split in two,,
5,extra-virgin olive oil,0.5,glass,,,
5,navy bean,3,glass,boiled,,
5,lemon,1,unit,juiced,,
5,parsley,0.5,bunch,thin chopped,,
5,ground black pepper,,,,,
5,red onion,2,unit,thin chopped,,
5,salt,,,,,
5,small green pepper,2,unit,thin chopped,,
5,sumak,1,small spoon,,,
6,ground black pepper,0.5,small spoon,,,
6,extra-virgin olive oil,3,spoon,,,
6,feta cheese,4,spoon,crumbled,,
6,green onion leaf,12,unit,softened in warm water,,
6,parsley,0.5,bunch,thin chopped,,
6,chili powder,0.25,small spoon,,,
6,red bell pepper,8,unit,,,
6,ricotta cheese,1,glass,,,
6,salt,,,,,
6,walnut,0.5,glass,crumbled,,
7,extra-virgin olive oil,0.5,glass,,,
7,garlic,3,clove,smashed,,
7,turkish pepper paste,1,spoon,,,
7,onion,1,unit,thin chopped,,
7,parsley,1,bunch,thin chopped,,
7,pomegranate sauce,3,spoon,,,
7,salt,0.25,small spoon,,,
7,small green pepper,3,unit,thin chopped,,
7,tomato,8,unit,thin diced,,
8,chickpea,3,glass,boiled,,
8,ground cumin,0.25,small spoon,,,
8,extra-virgin olive oil,0.7,glass,,,
8,garlic,3,clove,smashed,,
8,lemon juice,0.5,glass,,,
8,paprika,0.25,small spoon,,,
8,salt,0.5,spoon,,,
8,tahini,2,spoon,,,
9,ground black pepper,0.5,small spoon,,,
9,chicken leg,2,unit,,,
9,chicken thigh,2,unit,,,
9,corn oil,2,spoon,,,
9,garlic,4,clove,smashed,,
9,isot pepper,0.5,small spoon,,,
9,chili powder,0.5,small spoon,,,
9,salt,,,,,
9,stale bread,4,slice,,,
9,walnut,1,glass,crumbled,,
10,ground cumin,0.5,small spoon,,,
10,extra-virgin olive oil,1,spoon,,,
10,garlic,2,clove,smashed,,
10,paprika,0.5,small spoon,,,
10,ricotta cheese,250,gr,,,
10,salt,,,,,
10,turkish pepper paste,1,spoon,,,
10,walnut,4,spoon,finely crumbled,,
11,eggplant,2,unit,,,
11,extra-virgin olive oil,4,spoon,,,
11,garlic,4,clove,smashed,,
11,lemon juice,3,spoon,,,
11,chili powder,0.5,small spoon,,,
11,salt,,,,,
11,tahini,0.5,glass,,,
11,white yogurt,0.5,glass,,,
12,egg,2,unit,,,
12,extra-virgin olive oil,4,spoon,,,
12,extra-virgin olive oil,1,spoon,,,
12,feta cheese,250,gr,crumbled,,
12,isot pepper,1,small spoon,,,
12,leek,1,unit,thin chopped,,
12,onion,1,unit,chopped,,
12,salt,,,,,
12,sesame seed,1,small spoon,,,
12,spinach,300,gr,cut (size: 1-2 cm),,
12,turkish phyllo pastry,3,sheet,,,
12,water,0.5,glass,,,
12,white yogurt,0.5,glass,,,
13,ground black pepper,1,small spoon,,,
13,bulgur,700,gr,,,
13,ground cumin,0.5,small spoon,,,
13,dry mint,0.5,small spoon,,,
13,egg,4,unit,scrambled,,
13,extra-virgin olive oil,4,spoon,,,
13,fresh mint,15,leaf,thin chopped,,
13,garlic,5,clove,smashed,,
13,isot pepper,6,spoon,,,
13,lemon,,,,,
13,lettuce,,,,,
13,onion,1,unit,chopped,,
13,parsley,1,bunch,thin chopped,,
13,rocket,,,,,
13,salt,,,,,
13,green onion,4,spring,thin chopped,,
13,tomato,5,unit,peeled; grated,,
13,tomato paste,2,spoon,,,
13,turkish pepper paste,3,spoon,,,
13,allspice,1,small spoon,,,
14,ground black pepper,0.25,small spoon,,,
14,butter,50,gr,,,
14,champignon mushroom,500,gr,washed; wiped,,
14,fontina cheese,150,gr,,,
14,nutmeg,1,pinch,,,
14,chili powder,0.25,small spoon,,,
14,taleggio cheese,150,gr,,,
15,carrot,2,unit,,,
15,celery root,1,unit,,,
15,extra-virgin olive oil,5,spoon,,,
15,garlic,3,clove,smashed,,
15,greek yogurt,200,gr,,,
15,lemon,0.25,unit,juiced,,
15,salt,,,,,
15,walnut,3,spoon,finely crumbled,,
15,white yogurt,500,gr,,,
16,butter,0.5,spoon,,,
16,cherry tomato,2,unit,split in two,,
16,cucumber,1,unit,diced,,
16,extra-virgin olive oil,2,spoon,,,
16,extra-virgin olive oil,0.5,glass,,,
16,garlic,1,clove,smashed,,
16,garlic,2,clove,smashed,,
16,iceberg salad,1,unit,cut,,
16,lemon juice,0.25,glass,,,
16,paprika,0.5,small spoon,,,
16,parsley,1,spoon,thin chopped,,
16,ground black pepper,,,,,
16,ground black pepper,,,,,
16,red bell pepper,0.5,unit,cut (size: 5cm long; thin),,
16,red radish,3,unit,thin chopped,,
16,salt,,,,,
16,salt,,,,,
16,shrimp,500,gr,peeled,,
16,green onion,2,unit,thin chopped,,
16,yellow bell pepper,0.5,unit,cut (size: 5cm long; thin),,
17,egg,2,unit,scrambled,,
17,feta cheese,200,gr,crumbled,,
17,fresh mint,1,spoon,chopped,,
17,green onion,4,unit,chopped,,
17,onion,1,unit,chopped,,
17,parsley,2,spoon,chopped,,
17,ground black pepper,,,,,
17,salt,,,,,
17,semolina,4,spoon,,,
17,white yogurt,,,,,
17,zucchini,4,unit,grated; drained,,
18,extra-virgin olive oil,0.5,glass,,,
18,feta cheese,1,glass,crumbled,,
18,fresh red chili,4,unit,thin chopped,,
18,greek yogurt,1.5,glass,,,
18,red bell pepper,2,unit,thin chopped,,
18,white vinegar,2,spoon,,,
19,baking powder,1,small spoon,,,
19,breadcrumb,1,glass,grated,,
19,butter,,,,,
19,coconut,1,glass,grated,,
19,egg,4,unit,,,
19,lemon juice,,,,,
19,sugar,5,spoon,,,
19,sugar,1,glass,,,
19,vanilla extract,6,drop,,,
19,walnut,1,glass,finely crumbled,,
19,water,1.5,glass,,,
20,baking powder,0.5,small spoon,,,
20,baking soda,0.5,small spoon,,,
20,breadcrumb,2,spoon,grated,,
20,ground coriander,2,small spoon,,,
20,corn oil,,,,,
20,ground cumin,1,small spoon,,,
20,dry chickpea,250,gr,soaked (time: 24 hrs),,
20,garlic,6,clove,smashed,,
20,onion,1,unit,thin chopped,,
20,parsley,0.5,bunch,thin chopped,,
20,chili powder,0.5,small spoon,,,
20,salt,1,small spoon,,,
20,white/kamut flour,1,spoon,,,
20,allspice,1,small spoon,,,
21,ground black pepper,0.5,small spoon,,,
21,brown mustard seed,1,small spoon,,,
21,ground coriander,10,small spoon,,,
21,cumin seed,1,small spoon,,,
21,extra-virgin olive oil,0.5,glass,,,
21,fresh green chili,2,unit,thin chopped,,
21,garam masala,1,small spoon,,,
21,garlic,2,clove,minced,,
21,ginger root,1,spoon,minced,,
21,okra,500,gr,,,
21,parsley,0.25,bunch,thin chopped,,
21,salt,1,small spoon,,,
21,tomato,4,unit,sliced,,
21,ground turmeric,0.5,small spoon,,,
22,black pepper seed,20,unit,,,
22,chicken,1,kg,cut in pieces,,
22,cinnamon stick,1,unit,,,
22,clove,12,unit,,,
22,ground coriander,2,small spoon,,,
22,cumin seed,0.5,small spoon,,,
22,extra-virgin olive oil,0.75,glass,,,
22,fresh green chili,2,unit,thin chopped,,
22,garam masala,1,small spoon,,,
22,garlic,5,clove,minced,,
22,ginger root,1,spoon,minced,,
22,green cardamom seed,4,unit,,,
22,onion,1,unit,thin chopped,,
22,parsley,0.25,bunch,thin chopped,,
22,chili powder,0.5,small spoon,,,
22,salt,,,,,
22,tomato,6,unit,peeled; diced,,
22,ground turmeric,0.5,small spoon,,,
22,white yogurt,4,spoon,,,
23,black cardamom,2,unit,,,
23,black pepper seed,12,unit,,,
23,chickpea,2,glass,boiled,,
23,cinnamon stick,1,unit,,,
23,clove,12,unit,,,
23,corn oil,0.75,glass,,,
23,cumin seed,2,small spoon,,,
23,garlic,5,clove,minced,,
23,ginger root,2,spoon,minced,,
23,onion,1,unit,sliced,,
23,rice,400,gr,soaked (time: 30 min),,
23,salt,,,,,
24,ground black pepper,1,small spoon,,,
24,champignon mushroom,15,unit,split in two,,
24,cherry tomato,30,unit,,,
24,ground cumin,1,small spoon,,,
24,eggplant,2,unit,diced,,
24,extra-virgin olive oil,2,glass,,,
24,fresh green chili,10,unit,split in three,,
24,garlic,2,clove,smashed,,
24,lamb meat,2,kg,cut in pieces,,
24,salt,,,,,
24,shallot,15,unit,split in two,,
24,turkish pepper paste,1,spoon,,,
24,white yogurt,2,spoon,,,
25,carrot,4,unit,,,
25,curry powder,0.5,small spoon,,,
25,extra-virgin olive oil,4,spoon,,,
25,garlic,4,clove,smashed,,
25,greek yogurt,5,spoon,,,
25,salt,,,,,
25,sugar,1,small spoon,,,
25,tahini,2,spoon,,,
26,egg,3,unit,,,
26,eggplant,10,unit,split in three (lengthwise),,
26,extra-virgin olive oil,,,,,
26,feta cheese,500,gr,,,
26,fontina cheese,150,gr,,,
26,fresh green chili,8,unit,thin chopped,,
26,garlic,2,clove,smashed,,
26,parsley,0.5,bunch,chopped,,
26,ground black pepper,0.25,small spoon,,,
26,salt,0.25,small spoon,,,
26,tomato,6,unit,diced,,
27,black olive,30,unit,cut in pieces,,
27,ground black pepper,0.25,small spoon,,,
27,chives,15,unit,chopped,,
27,extra-virgin olive oil,6,spoon,,,
27,feta cheese,2,glass,crumbled,,
27,parsley,0.25,bunch,chopped,,
27,ricotta cheese,2,glass,,,
27,salt,,,,,
27,small tomato,30,unit,top cut; carved,,
28,avocado,2,unit,cut in thin slices,,
28,ground black pepper,0.25,small spoon,,,
28,curry powder,4,small spoon,,,
28,extra-virgin olive oil,1,glass,,,
28,extra-virgin olive oil,2,spoon,,,
28,garlic,8,clove,smashed,,
28,ginger root,3,spoon,smashed,,
28,green onion,3,unit,thin chopped,,
28,iceberg salad,1,unit,,,
28,lime,3,unit,juiced,,
28,lime,1,unit,juiced,,
28,mango,2,unit,cut in thin slices,,
28,parsley,0.5,bunch, ,,
28,chili powder,0.25,small spoon,,,
28,salt,1.5,small spoon,,,
28,salt,0.3,small spoon,,,
28,shrimp,1.25,kg,washed; shell removed,,
29,basil leaf,30,unit,chopped,,
29,beef meat,750,gr,minced,,
29,ground cumin,1.5,small spoon,,,
29,dry mint,1,small spoon,,,
29,extra-virgin olive oil,0.5,glass,,,
29,fresh thyme,1,small spoon,thin chopped,,
29,lamb meat,750,gr,minced,,
29,onion,2,unit,thin chopped,,
29,pistachio,5,spoon,grounded,,
29,chili powder,1,small spoon,,,
29,salt,3,small spoon,,,
29,tomato paste,2,spoon,,,
29,turkish pepper paste,3,small spoon,,,
30,ground black pepper,,,,,
30,extra-virgin olive oil,,,,,
30,feta cheese,300,gr,crumbled,,
30,garlic,1,clove,thin chopped,,
30,mussel,1,kg,,,
30,onion,1,unit,thin chopped,,
30,parsley,0.25,bunch,thin chopped,,
30,raki,,,,,
30,salt,,,,,
30,tomato sauce in cubes,600,gr,,,
31,dill,2,spoon,,fresh thyme,
31,calamari,1,kg,,,
31,lemon,1,unit,juiced,,
31,nutmeg,0.5,small spoon,,,
31,onion,1,unit,,,
31,onion,2,unit,,,
31,ground black pepper,,,,,
31,plum,2,spoon,thin chopped,,
31,rice,2,glass,,,
31,salt,,,,,
32,baking soda,0.5,small spoon,,,
32,cilantro,0.5,bunch,thin chopped,parsley,
32,coriander seed,1,small spoon,,,
32,extra-virgin olive oil,3,spoon,,,
32,extra-virgin olive oil,0.5,glass,,,
32,garam masala,1,small spoon,,,
32,garlic,5,clove,smashed,,
32,ginger root,1,spoon,grated,,
32,fresh green chili,3,unit,thin chopped,,
32,lemon,1,unit,juiced,,
32,onion,2,unit,chopped,,
32,potato,4,unit,boiled; peeled; smashed,,
32,chili powder,0.5,small spoon,,,
32,salt,0.5,small spoon,,,
32,salt,,,,,
32,spelt flour,500,gr,,,
32,ground turmeric,1,small spoon,,,
33,eggplant,2,unit,,,
33,extra-virgin olive oil,3,glass,,,
33,garlic,5,clove,minced,,
33,lemon,1,unit,juiced,,
33,onion,1,unit,,,
33,parsley,1,bunch,thin chopped,,
33,red bell pepper,2,unit,,,
33,tomato,4,unit,,,
34,butter,100,gr,melted,,
34,cottage cheese,225,gr,,,
34,muenster cheese,450,gr,,,
34,parsley,0.5,bunch,thin chopped,,
34,phyllo pastry,1,package,,,
35,apple cider vinegar,1,small spoon,,,
35,ground coriander,1,small spoon,,,
35,couscous,100,gr,,,
35,ground cumin,1,small spoon,,,
35,extra-virgin olive oil,1,small spoon,,,
35,honey,2,spoon,,,
35,mushroom,350,gr,rough chopped,,
35,parsley,25,gr,,,
35,ground black pepper,,,,,
35,chili powder,0.5,small spoon,,,
35,salt,,,,,
35,smoked paprika,1,small spoon,,,
35,soy sauce,3,spoon,,,
35,walnut,250,gr,soaked (time: 2hrs); rinsed; drained,,
36,carrot,5,unit,cut in thin slices,,
36,cashew,100,gr,soaked (time: 2hrs); rinsed; drained,,
36,ground cumin,1,small spoon,,,
36,dry coconut shred,20,gr,,,
36,garlic,2,clove,chopped,,
36,ginger root,3,cm,peeled; chopped,,
36,ground black pepper,0.25,small spoon,,,
36,lime,1,unit,juiced,,
36,parsley,10,gr,thin chopped,,
36,salt,0.125,small spoon,,,
36,scallion,4,unit,thin chopped,,
36,water,240,ml,,,
37,cashew,140,gr,soaked (time: 6 hrs),,
37,extra-virgin olive oil,60,ml,,,
37,garlic,1,clove,chopped,,
37,lemon,1.5,unit,juiced,,
37,salt,1,pinch,,,
37,shallot,1,unit,chopped,,
37,spinach,150,gr,,,
37,sundried tomato,40,gr,chopped,,
38,cashew,140,gr,soaked,,
38,cashew,20,gr,chopped,,
38,coconut milk,120,ml,,,
38,curry powder,3,small spoon,,,
38,dry blackcurrant,50,gr,,,
38,extra-virgin olive oil,1,spoon,,,
38,green onion,1,unit,chopped,,
38,lemon juice,1,spoon,,,
38,pumpkin,1,unit,cut into noodles,,
38,salt,,,,,
38,salt,1,pinch,,,
38,shallot,2,spoon,chopped,,
38,spinach,250,gr,chopped,,
39,boneless chicken thigh,1.5,kg,diced (size: 2cm),,
39,brown sugar,1,spoon,,,
39,basil leaf,,,,,
39,frozen pea,500,gr,,,
39,non-sweetened coconut milk,600,ml,,,
39,red bell pepper,1,unit,cut in thin long pieces,,
39,thai green curry paste,4,spoon,,,
39,yellow bell pepper,1,unit,cut in thin long pieces,,
40,basil leaf,12,unit,,,
40,basmati rice,800,gr,,,
40,bay leaf,6,unit,,,
40,curry leaf,12,unit,,nothing,
40,ground turmeric,4,small spoon,,,
40,lime,0.5,unit,juiced,,
40,lime peel,1,unit,grated,,
40,non-sweetened coconut milk,600,ml,,,
40,salt,2,small spoon,,,
40,shallot,2,unit,sautee,,
40,water,600,ml,warm,,
41,bay leaf,3,unit,,,
41,boiled chickpea,300,gr,,,
41,cabbage,300,gr,chopped,,
41,carrot,4,unit,peeled; cut (size: 1 cm),,
41,ground cinnamon,0.5,small spoon,,,
41,ground coriander,1,small spoon,,,
41,fresh coriander leaf,2,small spoon,thin chopped,parsley,
41,couscous,450,gr,,,
41,ground cumin,1,small spoon,,,
41,dried apricot,6,unit,thin chopped,,
41,extra-virgin olive oil,2,spoon,,,
41,garlic,2,small spoon,minced,,
41,ginger root,1,small spoon,grated,,
41,harissa,1,spoon,,turkish tomato paste,
41,onion,1,unit,diced,,
41,ground black pepper,0.25,small spoon,,,
41,raisin,2,small spoon,,,
41,salt,1,small spoon,,,
41,salt,1,small spoon,,,
41,sweet potato,900,gr,peeled; diced (size: 2cm),potato,
41,tomato paste,2,spoon,,,
41,ground turmeric,0.5,small spoon,,,
41,vegetable broth,600,ml,,,
41,water,600,ml,boiling,,
41,zucchini,4,unit,cut (size: 1 cm),,
42,avocado,2,unit,peeled; seeded; thin sliced,,
42,chili powder,0.25,small spoon,,,
42,extra-virgin olive oil,3,spoon,,,
42,garlic,1,clove,minced,,
42,ground coriander,0.5,small spoon,,,
42,ground cumin,0.25,small spoon,,,
42,lime,1,unit,juiced,,
42,piccadilly tomato,2,unit,diced,,
42,salt,0.5,small spoon,,,
42,shallot,1,unit,thin chopped,,
43,dry oregano,0.5,small spoon,,,
43,eggplant,3,unit,,,
43,extra-virgin olive oil,100,ml,,,
43,fresh oregano,2,spoon,chopped,,
43,garlic,3,clove,smashed,,
43,onion,1,unit,thin chopped,,
43,ground black pepper,,,,,
43,pine nut,3,spoon,,,
43,salt,,,,,
43,sweet vinegar,2,small spoon,,,
44,ground black pepper,0.5,small spoon,,,
44,ground black pepper,,,,,
44,bulgur,50,gr, ,couscous,
44,cabbage,1,unit,,,
44,ground cinnamon,0.25,small spoon,,,
44,concentrated tomato paste,1,spoon,,,
44,ground coriander,0.5,small spoon,,,
44,ground cumin,0.5,small spoon,,,
44,dry mint,1,small spoon,,,
44,extra-virgin olive oil,100,ml,,,
44,extra-virgin olive oil,100,ml,,,
44,basil leaf,1,bunch,chopped,dry basil,
44,fresh mint,0.5,bunch,chopped,dry mint,
44,garlic,4,clove,minced,,
44,garlic,1,clove,minced,,
44,onion,1,unit,chopped,,
44,parsley,1,bunch,chopped,,
44,chili powder,0.5,small spoon,,,
44,rice,100,gr,,,
44,salt,1.5,small spoon,,,
44,soya mince,150,gr,,,
44,tomato paste,2,spoon,,,
44,allspice,1,small spoon,,,
44,turkish pepper paste,1,spoon,,,
44,turkish pepper paste,1,spoon,,,
44,white yogurt,500,gr,,,
45,baking powder,1,package,,,
45,butter,,,,,
45,butter,2,spoon,,,
45,corn oil,100,ml,,,
45,egg,3,unit,,,
45,flour,300,gr,,,
45,flour,70,gr,,,
45,mastic gum,1,small spoon,,,
45,orange,5,unit,juiced,,
45,orange juice,100,ml,,,
45,orange peel,1,unit,grated,,
45,salt,0.25,small spoon,,,
45,sugar,170,gr,,,
45,sugar,80,gr,,,
45,sugar,160,gr,,,
45,whole milk,200,ml,,,
45,whole milk,1,lt,,,
46,anchovy,40,gr,cut in pieces,,
46,black olive,150,gr,cut in pieces,,
46,caper,1,small spoon,,,
46,concentrated tomato paste,2,spoon,,,
46,extra-virgin olive oil,0.25,glass,,,
46,fresh rosemary,2,spring,stem removed; thin chopped,,
46,fresh thyme,8,spring,stem removed; thin chopped,,
46,garlic,1,clove,minced,,
46,piccadilly tomato,4,unit,cut in pieces,,
46,sundried tomato,100,gr,cut in pieces,,
46,turkish pepper paste,0.5,small spoon,,nothing,
47,carrot,2,unit,grated,,
47,extra-virgin olive oil,50,ml,,,
47,garlic,2,clove,minced,,
47,greek yogurt,350,gr,,,
47,red bell pepper,2,unit,,,
47,salt,0.5,small spoon,,,
47,walnut,50,gr,crumbled,,
48,concentrated tomato paste,1,spoon,,,
48,eggplant,700,gr,,,
48,extra-virgin olive oil,100,ml,,,
48,fresh mint,2,small spoon,chopped,,
48,garlic,4,clove,minced,,
48,green lentil,170,gr,,,
48,green pepper,2,unit,chopped,,
48,onion,1,unit,chopped,,
48,piccadilly tomato,4,unit,diced,,
48,pomegranate sauce,50,ml,,balsamic vinegar,
48,crushed chillies,0.5,small spoon,,,
48,salt,2,spoon,,,
48,turkish pepper paste,1,small spoon,,,
49,ground black pepper,,,,,
49,butter,250,gr,melted,,
49,egg,2,unit,,,
49,flour,700,gr,,,
49,instant yeast,1,package,,,
49,onion,1,unit,thin chopped,,
49,parsley,6,spring,thin chopped,,
49,potato,5,unit,boiled; peeled; smashed,,
49,crushed chillies,0.25,small spoon,,,
49,salt,1,small spoon,,,
49,salt,,,,,
49,sesame seed,1,small spoon,,,
49,sugar,2,spoon,,,
49,allspice,0.5,small spoon,,,
49,turkish pepper paste,1,small spoon,,,
49,white vinegar,2,spoon,,,
49,whole milk,500,ml,warm,,
50,egg,6,unit,boiled,,
50,extra-virgin olive oil,200,ml,,,
50,french baguette,1,unit,,,
50,garlic,2,clove,,,
50,salt,,,,,
50,stale bread,150,gr,,,
50,tomato,1,kg,,,
50,tuna fish,2,can,,,
50,white vinegar,1,small spoon,,,
51,almond,100,gr,,,
51,breadcrumb,150,gr,,,
51,extra-virgin olive oil,100,ml,,,
51,garlic,2,clove,,,
51,green bean,250,gr,boiled,,
51,green grape,,,,,
51,potato,3,unit,boiled,,
51,salt,,,,,
51,water,1,lt,,,
51,white vinegar,1,small spoon,,,
52,butter,150,gr,,,
52,egg,2,unit,,,
52,flour,300,gr,,,
52,fresh mint,,,,,
52,mastic gum,3,gr,,,
52,ground black pepper,,,,,
52,ricotta cheese,150,gr,,,
52,salt,,,,,
52,tosella cheese,250,gr,,,
53,breadcrumb,100,gr,,,
53,egg yolk,2,unit,,,
53,extra-virgin olive oil,,,,,
53,flour,0.5,spoon,,,
53,lemon juice,2,spoon,,,
53,lemon juice,2,spoon,,,
53,mastic powder,1,small spoon,,,
53,non-salted butter,50,gr,,,
53,onion,5,unit,thin chopped,,
53,parsley,1,spoon,thin chopped,,
53,parsley,,,,,
53,ground black pepper,,,,,
53,pine nut,40,gr,,,
53,rose pepper,,,,,
53,salmon,1,kg,sliced,,
53,salt,,,,,
53,white wine,150,ml,,,
53,white wine,150,ml,,,
54,calamari,1,kg,,,
54,cherry tomato,6,unit,,,
54,extra-virgin olive oil,,,,,
54,feta cheese,400,gr,,,
54,fresh oregano,,,,,
54,fresh thyme,,,,,
54,parsley,,,,,
55,butter,2,spoon,,,
55,calamari,1,kg,cleaned,,
55,cherry tomato,400,gr,,,
55,extra-virgin olive oil,,,,,
55,garlic,3,clove,,,
55,nutmeg,,,,,
55,ouzo,100,ml,,raki,
55,parsley,,,thin chopped,,
55,potato,500,gr,,,
55,salt,,,,,
55,whole milk,120,ml,warm,,
56,almond,30,gr,chopped,,
56,butter,4,spoon,melted,,
56,dried apricot,40,gr,chopped,,
56,dried cherries,40,gr,chopped,,
56,dried plum,40,gr,chopped,,
56,ginger root,25,gr,,,
56,ground cinnamon,0.5,small spoon,,,
56,honey,0.5,spoon,,,
56,pumpkin,1,unit,,,
56,raisin,40,gr,chopped,,
56,rice,400,gr,,,
56,salt,,,,,
56,walnut,30,gr,chopped,,
56,water,60,ml,hot,,
57,butter,80,gr,,,
57,cherry in sirup,,,,,
57,corn oil,,,,,
57,egg,6,unit,,,
57,egg yolk,4,unit,,,
57,flour,300,gr,,,
57,flour,50,gr,,,
57,non-sweetened cocoa powder,3,spoon,,,
57,salt,1,pinch,,,
57,sugar,125,gr,,,
57,sugar powder,,,,,
57,vanilla bean,0.5,unit,,lemon peel,
57,water,250,ml,,,
57,whole milk,500,ml,,,
58,baking soda,0.25,small spoon,,,
58,chaat masala,1,small spoon,,,
58,chickpea flour,180,gr,,,
58,chili powder,0.5,small spoon,,,
58,corn oil,,,,,
58,corn oil,2,spoon,,,
58,ground cumin,0.5,small spoon,,,
58,ground cumin,2,small spoon,,,
58,garam masala,1,small spoon,,,
58,ginger root,2,small spoon,minced,,
58,chili powder,1,small spoon,,cayenne pepper,
58,salt,0.5,small spoon,,,
58,salt,0.25,small spoon,,,
58,sugar,1,small spoon,,,
58,sugar,540,gr,,,
58,tamarind paste,6,spoon,,,
58,water,50,ml,,,
58,water,960,ml,,,
58,white yogurt,300,gr,,,
59,beef meat,1,kg,minced,,
59,ground black pepper,,,,,
59,coriander seed,2,small spoon,crushed,,
59,corn meal flour,200,gr,,,
59,cumin seed,2,small spoon,crushed,,
59,dry pomegranate seed,2,small spoon,,,
59,egg,4,unit,,,
59,fresh coriander leaf,1,bunch,thin chopped,parsley,
59,ginger root,2,small spoon,grated,,
59,fresh green chili,4,unit,chopped,,
59,onion,1,unit,chopped,,
59,onion,1,unit,sliced,,
59,crushed chillies,1,spoon,,,
59,salt,1,small spoon,,,
59,tomato,4,unit,,,
59,white vinegar,2,small spoon,,,
60,coconut milk,2,lt,,,
60,cornstarch,200,gr,,,
60,dried plum,200,gr,,,
60,sugar,500,gr,,,
60,sugar,240,gr,,,
60,water,1,lt,,,
60,water,480,ml,,,
61,corn oil,,,,,
61,dulce de leche,,,,,
61,egg,4,unit,,,
61,extra-virgin olive oil,2,spoon,,,
61,flour,500,gr,,,
61,icing sugar,,,,,
61,salt,1,pinch,,,
61,sugar,4,small spoon,,,
61,whole milk,960,ml,,,
62,basmati rice,1,kg,washed,,
62,beef meat,1.5,kg,diced (size: 1cm),,
62,ground black pepper,1,small spoon,,,
62,butter,2,spoon,,,
62,corn oil,200,ml,,,
62,garlic,12,clove,thin chopped,,
62,ginger root,2,spoon,grated,,
62,onion,4,unit,thin chopped,,
62,salt,2,spoon,,,
63,basmati rice,1,kg,washed,,
63,chicken thigh,1,kg,washed; dried,,
63,chili powder,1,small spoon,,,
63,extra-virgin olive oil,400,ml,,,
63,maggi,2,cube,,,
63,onion,2,unit,thin chopped,,
63,salt,2,spoon,,,
64,basmati rice,1,kg,washed,,
64,chicken thigh,1,kg,washed; dried,,
64,chili powder,1,small spoon,,,
64,extra-virgin olive oil,400,ml,,,
64,maggi,1,cube,,,
64,onion,2,unit,thin chopped,,
64,salt,2,spoon,,,
64,salt,1,small spoon,,,
64,tomato sauce,700,gr,,,
65,basmati rice,500,gr,washed,,
65,corn oil,100,ml,,,
65,corn oil,2,spoon,,,
65,eggplant,1,unit,diced (size: 2cm),,
65,fresh green chili,8,unit,chopped,,
65,garlic,2,clove,thin chopped,,
65,maggi,2,cube,,,
65,mutton meat,500,gr,,,
65,okra,200,gr,,,
65,onion,1,unit,thin chopped,,
65,peanut paste,3,small spoon,,,
65,salt,1,spoon,,,
65,shallot,2,unit,thin chopped,,
65,tomato sauce in cubes,200,ml,,,
66,banana,1.5,kg,smashed,,
66,couscous,300,gr,,,
66,sugar,300,gr,,,
66,water,400,ml,boiling,,
66,white yogurt,700,gr,,,
66,whole milk,1.5,lt,,,
67,basmati rice,1,kg,washed,,
67,beef meat,1,kg,diced (size: 2cm),,
67,chili powder,0.5,small spoon,,,
67,corn oil,400,ml,,,
67,onion,2,unit,diced (size: 1cm),,
67,salt,2,spoon,,,
67,salt,1,spoon,,,
67,tomato sauce,700,gr,,,
68,ground black pepper,1,small spoon,,,
68,chili powder,1,small spoon,,,
68,dijon mustard,2,spoon,,,
68,eggplant,1,unit,diced (size: 2cm),,
68,extra-virgin olive oil,100,ml,,,
68,garlic,2,clove,thin chopped,,
68,maggi,2,cube,,,
68,manioc,1,unit,peeled; diced (size: 2cm),,
68,beef meat,1,kg,diced (size: 2-3cm),,
68,onion,1,unit,thin chopped,,
68,potato,2,unit,peeled; diced (size: 2cm),,
68,salt,1,small spoon,,,
68,tomato,2,unit,diced,,
68,tomato sauce,350,gr,,,
69,ground black pepper,0.25,small spoon,,,
69,butter,3,spoon,,,
69,flour,3,spoon,,,
69,fontina cheese,250,gr,diced (size: 1cm),,
69,nutmeg,0.25,small spoon,,,
69,salt,0.25,small spoon,,,
69,salt,1,spoon,,,
69,whole milk,750,ml,,,
69,zucchini,12,unit,,,
70,beef meat,1,kg,diced (size: 2cm),,
70,chili powder,0.5,small spoon,,,
70,corn oil,3,spoon,,,
70,maggi,2,cube,,,
70,melon seed,2,package,,,
70,onion,1,unit,thin chopped,,
70,onion,0.5,unit,thin chopped,,
70,palm oil,100,ml,,,
70,salt,0.25,small spoon,,,
70,salt,0.5,small spoon,,,
70,semolina flour,1,kg,,,
70,spinach,50,gr,cut (size: 1 cm),,
70,water,500,ml,,,
70,water,3,spoon,,,
70,water,1,lt,,,
71,bell pepper,500,gr,split in 8 pieces,,
71,ground black pepper,0.5,small spoon,,,
71,chicken breast,500,gr,washed; cut (size: 7-8 cm),,
71,chicken thigh,500,gr,washed; cut (size: 7-8 cm),,
71,corn oil,4,spoon,,,
71,eggplant,500,gr,sliced,,
71,garlic,3,clove,thin chopped,,
71,onion,1,kg,thin chopped,,
71,salt,2,spoon,,,
72,basmati rice,1,kg,,,
72,black-eyed pea,1,kg,,,
72,concentrated tomato paste,400,ml,,,
72,corn oil,1,lt,,,
72,egg,6,unit,hard-boiled,,
72,extra-virgin olive oil,300,ml,,,
72,flour,250,gr,,,
72,fresh habanero chili,1,unit,,,
72,garlic,7,clove,,,
72,ginger root,150,gr,cut (size: 1 cm),,
72,lettuce,1,unit,,,
72,maggi,4,cube,,,
72,onion,1,kg,,,
72,red mullet,1,kg,,,
72,salt,1,small spoon,,,
72,sardine,1,kg,,,
72,tomato,1,kg,,,
73,baby chard,750,gr,washed,,
73,ground black pepper,0.5,small spoon,,,
73,corn oil,150,ml,,,
73,extra-virgin olive oil,100,ml,,,
73,flour,1,kg,,,
73,garlic,2,clove,thin chopped,,
73,instant yeast,1,small spoon,,baking soda,
73,salt,2,small spoon,,,
73,salt,1,small spoon,,,
73,spinach,750,gr,washed,,
73,water,400,ml,warm,,
74,breadcrumb,250,gr,,,
74,butter,2,small spoon,,,
74,egg,6,unit,,,
74,extra-virgin olive oil,100,ml,,,
74,flour,125,gr,,,
74,garlic,1,clove,thin chopped,,
74,lemon peel,0.5,unit,grated,,
74,mushroom,1,kg,diced (size: small),,
74,nutmeg,0.5,small spoon,,,
74,parmesan cheese,250,gr,grated,,
74,parsley,2,spoon,,,
74,ground black pepper,0.25,small spoon,,,
74,salt,1,small spoon,,,
74,vegetable broth,3,lt,,vegetable stock powder,
75,basil leaf,6,unit,,,
75,eggplant,4,unit,,,
75,extra-virgin olive oil,200,ml,,,
75,garlic,2,clove,thin chopped,,
75,mozzarella cheese,250,gr,thin sliced,,
75,parmesan cheese,6,spoon,grated,,
75,salt,1,small spoon,,,
75,tomato sauce,700,ml,,,
76,basil leaf,6,unit,cut in pieces,,
76,extra-virgin olive oil,150,ml,,,
76,fresh oregano,6,spring,leaves removed from stem,,
76,fresh thyme,6,spring,leaves removed from stem,,
76,garlic,2,clove,thin chopped,,
76,onion,2,unit,cut in long stripes,,
76,red bell pepper,3,unit,cut in long stripes,,
76,salt,1,small spoon,,,
76,tomato sauce in cubes,400,ml,,,
76,yellow bell pepper,3,unit,cut in long stripes,,
77,cherry sirup,1,bottle,,rosolio liqueur,
77,egg yolk,8,unit,,,
77,flour,100,gr,,,
77,half peach,80,unit,,,
77,sugar,200,gr,,,
77,whole milk,1,lt,,,
78,anise for dessert,2,spoon,,,
78,butter,180,gr,,,
78,egg,3,unit,,,
78,flour,500,gr,,,
78,sugar,180,gr,,,
78,vanillin,1,small bag,,,
78,whole milk,150,ml,,,
78,yeast for dessert,1.5,small bag,,,
79,deer meat,1,kg,diced,,
79,garlic,3,clove,thin chopped,,
79,onion,1,unit,chopped,,
79,tomato sauce,0.5,can,,,
79,ground black pepper,1.5,small spoon,,,
79,ground cinnamon,1,small spoon,,,
79,parsley,3,spoon,chopped,,
79,okra,500,gr,,,
79,salt,,,,,
79,extra-virgin olive oil,1.5,glass,,,
79,red wine,1.5,glass,,,
79,white vinegar,1,spoon,,,
80,pastry,1,sheet,,,
80,apple,1,unit,,,
80,honey,,,,,
80,butter,,,,,
80,pear,1,unit,,,
80,pumpkin seed,20,gr,,,
80,hard cheese,50,gr,,,
80,egg,1,unit,,,
81,pastry,1,sheet,,,
81,apple,1,unit,,,
81,honey,,,,,
81,butter,,,,,
81,white onion,1,unit,,,
81,red radish,1,unit,,,
81,speck,50,gr,,,
81,walnut,3,unit,,,
81,raisin,25,gr,,,
81,coconut milk,25,ml,,,
81,grappa,30,ml,,,
82,orange,6,unit,,,
82,lemon,2,unit,,,
82,lime,2,unit,,,
82,savoiardi biscuit,300,gr,,,
82,robiola cheese,100,gr,,,
82,white yogurt,100,gr,,,
82,apple,2,unit,,,
82,pear,1,unit,,,
82,ground cinnamon,1,small spoon,,,
82,brown sugar,1,spoon,,,
82,fresh mint,1,spoon,,,
82,banana,2,unit,,,
82,walnut,1,spoon,,,
83,bell pepper,8,unit,,,
83,rice,1,glass,,,
83,onion,2,unit,,,
83,parsley,1,glass,chopped,,
83,dill,1,glass,chopped,,
83,tomato,2,unit,diced,,
83,extra-virgin olive oil,0.5,glass,,,
83,tomato paste,1,spoon,,,
83,turkish pepper paste,1,spoon,,,
83,lemon peel,1,unit,,,
83,sugar,,,,,
83,water,,,,,
83,ground black pepper,1,small spoon,,,
83,salt,1,small spoon,,,
83,sumak,1,small spoon,,,
83,allspice,1,small spoon,,,
83,crushed chillies,1,small spoon,,,
83,ground cinnamon,1,small spoon,,,
83,ground cumin,1,small spoon,,,
84,beetroot,4,unit,,,
84,carrot,0.5,kg,,,
84,sweet potato,1,unit,,parsley root,
84,potato,3,unit,,,
84,red onion,2,unit,,,
84,cinnamon stick,3,unit,,,
84,star anise,3,unit,,,
84,garlic,3,clove,,,
84,honey,3,spoon,,,
85,flour,400,gr,,,
85,egg,4,unit,,,
85,salt,,,,,
85,extra-virgin olive oil,1,small spoon,,,
85,beef meat,400,gr,,,
85,chicken,100,gr,,,
85,celery root,1,unit,,,
85,cherry tomato,10,unit,,,
85,carrot,1,unit,,,
85,onion,1,unit,,,
85,salt,,,,,
85,feta cheese,100,gr,,,
85,greek pecorino cheese,100,gr,,,
85,greek ricotta cheese,100,gr,,,
85,lemon peel,1,unit,,,
85,nutmeg,0.5,small spoon,,,
85,egg yolk,1,unit,,,
86,eggplant,1,unit,,,
86,butter,100,gr,,,
86,flavour,1,spoon,,,
86,whole milk,0.5,lt,,,
86,cheddar cheese,90,gr,,,
87,potato,1,kg,boiled; peeled; smashed,,
87,flour,300,gr,,,
87,egg,1,unit,,,
87,salt,1,spoon,,,
87,butter,40,gr,,,
87,gorgonzola cheese,80,gr,,greek kefalotiri cheese,
87,parmesan cheese,80,gr,,greek graviera cheese,
87,ground black pepper,1,small spoon,,,
88,lamb meat,2,kg,cut in pieces,,
88,potato,1,kg,peeled; split in halves,,
88,lemon,5,unit,,,
88,salt,,,,,
88,ground black pepper,,,,,
88,dry oregano,,,,,
88,dry rosemary,,,,,
88,extra-virgin olive oil,1,glass,,,
89,eggplant,2,kg,sliced lengthwise; 1cm thick,,
89,onion,2,unit,sliced lengthwise; 1cm thick,,
89,tomato sauce,500,gr,,,
89,feta cheese,500,gr,crumbled,,
89,fresh mint,25,gr,thin chopped,,
89,parsley,50,gr,thin chopped,,
89,fresh oregano,25,gr,,dry oregano,
89,salt,0.5,small spoon,,,
89,ground black pepper,0.5,small spoon,,,
89,extra-virgin olive oil,500,ml,,,
90,sugar,1,glass,,,
90,white wine,1,glass,,sweet wine,
90,corn oil,1,glass,,,
90,anise for dessert,1,spoon,,,
90,flour,500,gr,,,
91,greek yogurt,250,gr,,,
91,egg,3,unit,,,
91,sunflower oil,0.5,glass,,,
91,orange juice,0.5,glass,,,
91,orange peel,1.5,unit,,,
91,sugar,1,glass,,,
91,baking soda,20,gr,,,
91,salt,0.5,small spoon,,,
91,phyllo pastry,500,gr,,,
91,water,1.5,glass,,,
91,sugar,1,glass,,,
91,dark chocolate,1,bar,,,
92,rice,400,gr,,,
92,Teroldego red wine,0.5,lt,,,
92,onion,1,unit,,,
92,vegetable broth,1,lt,,meat broth,
92,grana trentino cheese,30,gr,,,
92,butter,50,gr,,,
92,extra-virgin olive oil,100,ml,,,
92,salt,1.5,small spoon,,,
93,white/kamut flour,250,gr,,,
93,whole wheat flour,250,gr,,,
93,water,400,ml,,,
93,salt,0.5,small spoon,,,
93,onion,2,unit,thin chopped,,
93,parsley,50,gr,thin chopped,,
93,cokelec turkish cheese,200,gr,,feta cheese,
93,urfa peyniri turkish cheese,200,gr,,pecorino cheese,
93,crushed chillies,1,small spoon,,,
93,extra-virgin olive oil,150,ml,,,
94,chicken thigh,3,unit,,,
94,black-eyed pea,1,glass,soaked for 12 hours,,
94,butter,2,spoon,,,
94,extra-virgin olive oil,2,spoon,,,
94,tarhana,0.5,glass,,,
94,dry bell pepper,5,unit,,,
94,garlic,4,clove,cut in pieces,,
94,concentrated tomato paste,0.5,spoon,,,
94,salt,0.5,spoon,,,
95,beef meat,10,escalope,split in two,,
95,bacon,20,slice,,,
95,sage,20,leaf,,,
95,white wine,0.5,glass,,,
95,meat broth,,,,vegetable broth,
95,salt,,,,,
95,ground black pepper,,,,,
95,extra-virgin olive oil,,,, ,
96,potato,1.5,kg,peeled; thin sliced,,
96,fresh cream,200,ml,,,
96,whole milk,300,ml,,,
96,gruyere cheese,150,gr,grinded,emmental cheese,
96,garlic,1,clove,minced,,
96,salt,,,,,
96,ground black pepper,,,,,
96,nutmeg,1,small spoon,,,
96,breadcrumb,2,spoon,,nothing,
97,fava bean,0.5,kg,,,
97,carrot,1,unit,,,
97,onion,2,unit,,,
97,garlic,1,clove,,,
97,extra-virgin olive oil,,,,,
97,caper,50,gr,,,
97,tuna fish,150,gr,,,
97,lemon,1,unit,,,
97,parsley,30,gr,,,
97,cucumber,0.5,unit,,,
97,tomato,1,unit,,,
98,bell pepper,10,unit,,,
98,leek,3,unit,,,
98,feta cheese,400,gr,,,
98,tomato,2,unit,,,
98,egg,2,unit,,,
98,extra-virgin olive oil,,,,,
98,salt,,,,,
98,ground black pepper,,,,,
99,artichoke,2,unit,,,
99,white asparagus,500,gr,peeled; grated,,
99,carrot,3,unit,peeled; chopped,,
99,onion,2,unit,peeled; chopped,,
99,green celery,2,spring,peeled; chopped,,
99,garlic,3,clove,minced,,
99,fresh red chili,1,unit,chopped,,
99,lime,1,unit,,,
99,white/kamut flour,150,gr,,,
99,semolina flour,150,gr,,,
99,egg,3,unit,,,
99,extra-virgin olive oil,3,spoon,,,
99,nutmeg,,,,,
99,salt,,,,,
99,ground black pepper,,,,,
100,artichoke,4,unit,,,
100,onion,2,unit,,,
100,rice,1,glass,,,
100,dill,1,glass,stem removed; thin chopped,,
100,extra-virgin olive oil,0.5,glass,,,
100,fresh mint,,,stem removed; thin chopped,nothing,
100,lemon,2,unit,,,
100,lime,2,unit,,,
100,turkish pepper paste,1,spoon,,tomato paste,
100,sugar,,,,,
100,water,,,,,
101,red onion,1,unit,,,
101,butter,100,gr,,,
101,rice,400,gr,,,
101,white asparagus,400,gr,,,
101,vegetable broth,,,,,
101,lemongrass,1,spring,,,
101,carrot,1,unit,,,
101,fresh red chili,1,unit,,,
101,parsley root,1,unit,,,
101,gruyere cheese,30,gr,grated,emmental cheese,
101,parmesan cheese,75,gr,grated,,
101,white wine,150,ml,,,
101,salt,,,,,
102,clove,4,unit,,,
102,star anise,2,unit,,,
102,coriander seed,3,spoon,,,
102,chicken,1,unit,,,
102,ginger root,1,unit,,,
102,onion,1,unit,,,
102,rice noodle,200,gr,,,
102,fresh red chili,4,unit,,,
102,vietnamese fish sauce,3,spoon,,,
102,scallion,1,bunch,,,
102,fresh thai basil,1,bunch,,,
102,fresh mint,1,bunch,,,
102,fresh coriander leaf,1,bunch,,,
102,fresh sprout,,,,nothing,
102,lime,2,unit,,,
102,salt,,,,,
103,cauliflower,1.6,kg,,,
103,vegetable broth,1.6,lt,,,
103,garlic,2,clove,,,
103,ginger root,30,gr,,,
103,fresh cream,400,gr,,,
103,ras-el-hanout,5,small spoon,,,
103,butter,2,spoon,,,
103,extra-virgin olive oil,2,spoon,,,
103,fresh mint,2,spoon,minced,parsley,
103,salt,,,,,
103,crushed chillies,,,,nothing,
103,potato,4,unit,,,
103,mustard,4,spoon,,,
103,honey,3,spoon,,,
103,lemon,0.5,unit,,,
103,white bread,2,roll,,,
103,dry red chili,1,unit,,,
104,cauliflower,1.6,kg,,,
104,vegetable broth,1.6,lt,,,
104,garlic,2,clove,,,
104,ginger root,30,gr,,,
104,fresh soy cream,400,gr,,,
104,ras-el-hanout,5,small spoon,,,
104,vegan butter,2,spoon,,,
104,extra-virgin olive oil,2,spoon,,,
104,fresh mint,2,spoon,minced,parsley,
104,salt,,,,,
104,crushed chillies,,,,nothing,
104,potato,4,unit,,,
104,mustard,4,spoon,,,
104,apple sweetener,3,spoon,,maple syrup,
104,lemon,0.5,unit,,,
104,white bread,2,roll,,,
104,dry red chili,1,unit,,,
105,spaghetti,1,kg,,,
105,tomato,2,kg,,,
105,beef meat,1,kg,minced,soy strip,
105,red onion,4,unit,diced,,
105,garlic,4,clove,,,
105,dry oregano,,,,,
105,whole milk,1.5,lt,,,
105,butter,150,gr,,,
105,white/kamut flour,,,,,
105,extra-virgin olive oil,,,,,
105,nutmeg,,,,,
105,feta cheese,150,gr,,,
105,greek graviera cheese,150,gr,,,
105,dry misithra cheese,150,gr,,,
105,red wine,100,ml,,,
106,whole wheat flour,280,gr,,,
106,non-sweetened cocoa powder,2,spoon,,,
106,ground cinnamon,0.5,small spoon,,,
106,yeast for dessert,2,small spoon, ,,
106,green apple,1,unit,,,
106,dried apricot,10,unit,,,
106,walnut,100,gr,cut in pieces,,
106,egg,4,unit,,,
106,sugar,,,,,
106,sugar,175,gr,,,
106,honey,160,ml,,,
106,sunflower oil,,,,corn oil,
106,sunflower oil,240,ml,,corn oil,
106,black tea,160,ml,,,
106,fresh cream,125,gr,,,
106,dark chocolate,185,gr,cut in pieces,,
107,bulgur,300,gr,,,
107,water,350,ml,boiling,,
107,parsley,50,gr,thin chopped,,
107,scallion,50,gr,thin chopped,,
107,fresh mint,25,gr,thin chopped,,
107,gentiline lettuce,100,gr,cut in 1 cm strips,,
107,onion,1,unit,thin chopped,,
107,extra-virgin olive oil,100,ml,,,
107,concentrated tomato paste,2,spoon,,,
107,turkish pepper paste,2,spoon,,,
107,lemon,1,unit,juiced,,
107,pomegranate sauce,2,spoon,,,
107,tomato,2,unit,diced (size: 1cm),,
107,cucumber,1,unit,diced (size: 1cm),,
107,allspice,1,small spoon,,,
107,ground cumin,1,small spoon,,,
107,ground black pepper,0.5,small spoon,,,
107,isot pepper,1,spoon,,,
107,salt,,,,,
108,beetroot,500,gr,grated,,
108,potato,250,gr,peeled; chopped,,
108,salt,1,small spoon,,,
108,ginger root,1,small spoon,grated,,
108,garlic,2,clove,smashed,,
108,ground coriander,1,small spoon,,,
108,garam masala,0.5,small spoon,,,
108,lime,0.5,unit,juiced,,
108,semolina flour,100,gr,,,
108,breadcrumb,50,gr,,nothing,
108,white/kamut flour,1,spoon,,,
108,water,200,ml,,,
108,corn oil,100,ml,,,
109,cookie,300,gr,,,
109,butter,150,gr,,,
109,dark chocolate,200,gr,,,
109,egg,2,unit,,,
109,sugar,100,gr,,,
109,sugar powder,100,gr,,,
109,walnut,150,gr,crumbled; toasted,,
110,whole milk,500,ml,,,
110,sugar,3,spoon,,,
110,white flour type 00,3,spoon,,,
110,egg,3,unit,,,
110,lemon peel,1,unit,,,
110,walnut,150,gr,crumbled; toasted,,
110,white/kamut flour,300,gr,,,
110,sugar,200,gr,,,
110,egg,4,unit,,,
110,extra-virgin olive oil,120,ml,,,
110,whole milk,100,ml,,,
110,sugar powder,50,gr,,,
110,baking soda,,,,,
111,eggplant,5,unit,,,
111,sunflower oil,,,,,
111,walnut,1,glass,chopped,,
111,garlic,2,clove,,,
111,ground coriander,0.5,small spoon,,,
111,khmeli-suneli,0.5,small spoon,,,
111,crushed chillies,0.25,small spoon,,,
111,greek yogurt,400,gr,,,
111,mayonnaise,3,spoon,,,
111,salt,,,,,
111,cilantro,,,,,
111,onion,,,thin sliced,,
111,pomegranate,,,,,
112,spinach,400,gr,cut,,
112,tomato sauce,4,spoon,,,
112,garlic,4,clove,thin sliced,,
112,ginger root,1,spoon,thin sliced,,
112,fresh green chili,2,unit,thin chopped,,
112,onion,1,unit,thin chopped,,
112,chicken thigh,3,unit,removed fat parts; cut into cubes of 3 cm,,
112,curry powder,1,small spoon,,,
112,ground turmeric,1,small spoon,,,
112,ground coriander,1,small spoon,,,
112,garam masala,1,spoon,,,
112,ground fenugreek,3,spoon,,,
112,cumin seed,1,small spoon,,,
112,clove,4,unit,,,
112,green cardamom seed,4,unit,,,
112,cinnamon stick,1,unit,3 cm long,,
112,bay leaf,1,unit,,,
112,white yogurt,3,spoon,,,
112,extra-virgin olive oil,100,ml,,,
112,salt,,,,,
112,basmati rice,250,gr,washed,,
112,green cardamom seed,4,unit,,,
112,clove,8,unit,,,
112,cinnamon stick,1,unit,3 cm long,,
112,salt,,,,,
113,spinach,1,kg,,,
113,extra-virgin olive oil,,,,,
113,white/kamut flour,2,spoon,,,
113,salt,,,,,
113,whole milk,200,ml,,,
113,vegetable stock cube,0.5,cube,,,
114,flour,1,kg,,,
114,extra-virgin olive oil,1,lt,,,
114,sugar,500,gr,,,
114,salt,,,,,
115,carrot,1,unit,,,
115,celery root,1,unit,,,
115,egg,2,unit,hard-boiled,,
115,onion,1,unit,,,
115,garlic,1,clove,,,
115,parsley,50,gr,,,
115,white vinegar,1,spoon,,,
115,sugar,,,,,
115,salt,,,,,
115,extra-virgin olive oil,100,ml,,,
115,beef meat,500,gr,,,
115,chicken breast,150,gr,,,
115,veal head,75,gr,,,
115,veal tongue,75,gr,,,
115,veal leg,75,gr,,,
115,onion,0.5,unit,,,
115,carrot,0.5,unit,,,
115,celery root,0.5,unit,,,
115,salt,,,,,
116,onion,1,unit,chopped,,
116,carrot,1,unit,grated,,
116,walnut,250,gr,,,
116,rice,150,gr,,,
116,extra-virgin olive oil,2,spoon,,,
116,extra-virgin olive oil,,,,,
116,vegetable soup concentrate,0.5,spoon,,,
116,paprika,1,small spoon,,,
116,ground black pepper,0.25,small spoon,,,
116,salt,,,,,
116,cabbage,1,unit,,,
116,white vinegar,3,spoon,,lemon juice,
116,greek yogurt,400,gr,,,
117,egg,4,unit,,,
117,whole milk,360,ml,,,
117,water,240,ml,,,
117,butter,6,spoon,melted,,
117,salt,0.5,small spoon,,,
117,flour,280,gr,,,
117,mushroom,500,gr,thin chopped,,
117,butter,1,small spoon,,,
117,onion,1,unit,thin chopped,,
117,egg,3,unit,hard boiled; finely chopped,,
117,salt,,,,,
117,ground black pepper,,,,,
117,extra-virgin olive oil,,,,,
118,egg,4,unit,,,
118,whole milk,360,ml,,,
118,water,240,ml,,,
118,butter,6,spoon,melted,,
118,salt,0.5,small spoon,,,
118,flour,280,gr,,,
118,beef meat,500,gr,boiled,,
118,butter,1,small spoon,,,
118,onion,1,unit,thin chopped,,
118,egg,3,unit,hard boiled; finely chopped,,
118,salt,,,,,
118,ground black pepper,,,,,
118,extra-virgin olive oil,,,,,
119,white flour type 00,1,kg,,,
119,extra-virgin olive oil,150,gr,,,
119,pure alcohol,100,gr,,,
119,sugar,100,gr,,,
119,baking soda,8,gr,,,
119,salt,1,small spoon,,,
119,orange,2,unit,,,
119,mandarin,10,unit,,,
119,sunflower oil,500,ml,,,
119,honey,200,ml,,,
119,coloured candy,1,package,,,
120,dried fig,500,gr,,,
120,raisin,150,gr,,,
120,non-sweetened cocoa powder,75,gr,,,
120,coffee,1,small cup,,,
120,walnut kernel,150,gr,,,
120,almond,150,gr,peeled,,
120,rhum,2,spoon,,,
120,ground cinnamon,1,small spoon,,,
120,nutmeg,,,,,
120,lemon peel,1,unit,grated,,
120,orange peel,1,unit,grated,,
120,dark chocolate,50,gr,,,
120,extra-virgin olive oil,2,spoon,,,
120,breadcrumb,250,gr,,,
120,water,1,lt,,,
120,cooked wine,0.5,glass,,,
120,salt,,,,,
120,sugar,1,spoon,,,
120,extra-virgin olive oil,1,spoon,,,
120,breadcrumb,1,spoon,,,
120,walnut kernel,,,,almond,
121,puff pastry,500,gr,,,
121,egg,1,unit,,,
121,fresh cream,2,spoon,,,
121,flour,,,,,
121,chicken breast,500,gr,,,
121,onion,1,unit,,,
121,bay leaf,2,unit,,,
121,clove,3,unit,,,
121,black pepper seed,0.5,small spoon,,,
121,butter,50,gr,,,
121,butter,15,gr,,,
121,flour,50,gr,,,
121,mushroom,200,gr,,,
121,onion,2,unit,,,
121,garlic,1,clove,,,
121,lemon,1,unit,,,
121,white wine,6,spoon,,,
121,sugar,,,,,
121,salt,,,,,
121,ground black pepper,,,,,
121,nutmeg,,,,,
121,fresh cream,200,gr,,,
121,egg,1,unit,,,
121,worcester sauce,1,small spoon,, ,
121,dill,,,,,
122,veal meat,500,gr,,,
122,potato,350,gr,,,
122,carrot,200,gr,,,
122,egg,4,unit,,,
122,canned pea,1,can,,,
122,pickled cucumber,1,can,,,
122,mayonnaise,250,gr,,,
123,red lentil,1,glass,,green lentil,
123,bulgur,1,glass,,couscous,
123,onion,1,unit,thin chopped,,
123,concentrated tomato paste,1,spoon,,,
123,turkish pepper paste,1,spoon,,,
123,ground cumin,0.5,small spoon,,ground coriander,
123,pimento,0.5,small spoon,,nutmeg,
123,ground black pepper,0.25,small spoon,,,
123,chili powder,1,small spoon,,,
123,salt,,,,,
123,extra-virgin olive oil,,,,,
123,lemon,0.5,unit,juiced,,
123,parsley,1,bunch,thin chopped,,
124,dry cod,500,gr,,,
124,sugar,2,spoon,,,
124,tomato,10,unit,,,
124,tomato sauce,200,gr,,,
124,garlic,3,clove,,,
124,extra-virgin olive oil,0.25,glass,,,
124,onion,3,unit,,,
124,pitted olive,100,gr,,stuffed olive,
124,caper,100,gr,,,
124,red bell pepper,4,unit,,,
124,white wine,0.5,glass,,,
124,salt,,,,,
124,ground black pepper,,,,,
124,rice,200,gr,,,
124,water,400,ml,,,
124,salt,,,,,
125,chicken,1,unit,,,
125,onion,1,unit,chopped,,
125,walnut,250,gr,,,
125,garlic,2,clove,,,
125,coriander seed,,,,,
125,ground fenugreek,,,,,
125,ground saffron,,,,,
125,chili powder,,,,,
125,apple vinegar,,,,,
125,salt,,,,,
125,extra-virgin olive oil,,,,,
126,spinach,4,bunch,,,
126,chicken thigh,4,unit,,,
126,shrimp,0.5,kg,,,
126,peanut,0.5,kg,,,
126,igname potato,1,unit,,sweet potato,
126,onion,2,unit,,,
126,extra-virgin olive oil,2,glass,,,
126,red bell pepper,3,unit,,,
126,garlic,1,head,,,
126,salt,,,,,
126,stock cube,,,,,
127,lettuce,1,bag,,,
127,avocado,5,unit,,,
127,onion,1,unit,,,
127,tomato,2,unit,,,
127,cucumber,1,unit,,,
127,egg,5,unit,,,
127,white vinegar,,,,,
127,mayonnaise,,,,,
127,maggi,2,cube,,,
127,salt,,,,,
127,white bread,,,,,
128,whole milk,1,lt,,,
128,rice,200,gr,,,
128,sugar,100,gr,,,
128,lemon,1,unit,,,
128,dark chocolate,,,,,
128,vanillin,,,,,
128,ground cinnamon,,,,,
129,chicken thigh,4,unit,,,
129,currant,1,package,,,
129,basmati rice,400,gr,,,
129,onion,2,unit,,,
129,potato,1,kg,sliced,,
129,extra-virgin olive oil,,,,,
129,ground saffron,2,small spoon,,,
129,ground black pepper,0.25,small spoon,,,
129,ground red pepper,0.25,small spoon,,,
129,ground cinnamon,,,,,
129,ground ginger,,,,,
129,ground turmeric,1,small spoon,,,
129,salt,1,small spoon,,,
129,sugar,1,small spoon,,,
129,bay leaf,2,unit,,,
130,rice,300,gr,washed,,
130,maggi,3,cube,,,
130,beef meat,600,gr,,goat meet,
130,peanut paste,3,small spoon,,,
130,salt,,,,,
130,onion,2,unit,thin chopped,,
130,tomato sauce in cubes,200,ml,,,
130,extra-virgin olive oil,,,,,
131,plantain,5,unit,,,
131,sea bream,3,unit,,mackerel,
131,tomato sauce,1,can,,,
131,onion,2,unit,,,
131,maggi,2,cube,,,
131,sunflower oil,1,lt,,,
131,garlic,2,clove,,,
131,salt,,,,,
131,ground black pepper,,,,,
132,shrimp,250,gr,,,
132,calamari,250,gr,,,
132,sea bream,2,unit,,,
132,surimi,200,gr,,,
132,phyllo pastry,500,gr,,,
132,rice noodle,250,gr,,,
132,mushroom,500,gr,,,
132,allspice,,,,,
132,parsley,1,bunch,,,
132,lemon,250,gr,,,
132,cottage cheese,100,gr,,,
132,ground turmeric,,,,,
132,ground black pepper,,,,,
132,ground ginger,,,,,
133,beef meat,1,kg,,,
133,potato,4,unit,,,
133,carrot,3,unit,,,
133,extra-virgin olive oil,0.5,lt,,,
133,ginger root,1,unit,,,
133,onion,2,unit,,,
133,pitted olive,200,gr,,,
133,garlic,1,clove,,,
133,parsley,1,bunch,,,
133,tomato,2,unit,,,
133,water,0.5,glass,,,
133,salt,,,,,
133,ground black pepper,,,,,
133,ground saffron,,,,,
134,rice,500,gr,,,
134,frozen pea,300,gr,,,
134,green pepper,3,unit,,,
134,carrot,5,unit,,,
134,beef liver,1,unit,,,
134,curry powder,,,,,
134,fresh thyme,,,,,
134,vegetable stock powder,,,,,
134,salt,,,,,
134,beef meat,1,kg,,,
134,sunflower oil,500,ml,,,
134,canned corn,250,gr,,,
135,rice,500,gr,,,
135,beef meat,1,kg,,,
135,onion,2,unit,,,
135,bean,500,gr,,,
135,black pepper seed,,,,,
135,tomato sauce,700,gr,,,
135,maggi,,,,,
135,sunflower oil,,,,,
135,salt,,,,,
136,eggplant,2,kg,,,
136,onion,4,unit,,,
136,garlic,4,clove,,,
136,casceche,0.5,glass,,goat yogurt,
136,white yogurt,250,gr,,,
136,extra-virgin olive oil,0.5,glass,,,
136,salt,0.5,small spoon,,,
136,ground black pepper,0.25,small spoon,,,
136,ground turmeric,0.5,small spoon,,,
136,ground red pepper,0.25,small spoon,,,
136,dry mint,,,,,
136,walnut,3,spoon,smashed,,
136,dry rose,,,,,
137,lamb meat,1,kg,,veal meat,
137,rice,500,gr,,,
137,onion,500,gr,,,
137,garlic,1,clove,,,
137,green pepper,1,unit,,,
137,ground black pepper,,,,,
137,sunflower oil,,,,,
137,mustard,1,spoon,,,
137,white vinegar,,,,,
137,green bean,,,,,
137,canned corn,,,,,
137,pitted olive,,,,,
137,balsamic vinegar,,,,,
137,stock cube,,,,,
138,flour,300,gr,,,
138,sugar,270,gr,,,
138,butter,140,gr,,,
138,egg,3,unit,,,
138,whole milk,0.5,glass,,,
138,lemon,1,unit,,,
138,baking powder,1,package,,,
138,almond,,,sliced,walnut,
138,walnut,,,,,
138,peach jam,1,glass,,,
138,whole milk,0.5,glass,,,
139,semolina flour,70,gr,,,
139,coconut,125,gr,,,
139,sugar,70,gr,,,
139,egg,2,unit,,,
139,sunflower oil,1,spoon,,,
139,extra-virgin olive oil,2,spoon,,,
139,rose water,1,spoon,,,
139,lemon peel,50,gr,,,
139,baking powder,4,gr,,,
139,sugar powder,125,gr,,,
140,couscous,500,gr,,,
140,rice,500,gr,,,
140,shrimp,500,gr,,,
140,mushroom,5,unit,,,
140,spinach,500,gr,,,
140,carrot,2,unit,,,
140,eggplant,1,unit,,,
140,fresh red chili,1,unit,,,
140,maggi,,,,,
140,salt,,,,,
140,tomato,2,unit,,,
140,tomato paste,200,ml,,,
140,onion,1,unit,,,
140,ground black pepper,,,,,
140,zucchini,2,unit,,,
140,savoy cabbage,1,unit,,,
140,parsley,,,,,
140,green bell pepper,1,unit,,,
140,garlic,1,head,,,
140,cucumber,1,unit,,,
140,butter,20,gr,,,
140,white long radish,1,unit,,,
140,raisin,,,,,
140,peanut oil,200,ml,,,
140,green bean,50,gr,,,
