english,italian,table_1,column_1,table_2,column_2,table_3,column_3,table_4,column_4
1st Meze Workshop,Primo Seminario sui Meze,,,,,,,,
2nd Meze Workshop,Secondo Seminario sui Meze,,,,,,,,
3rd Meze Workshop,Terzo Seminario sui Meze,,,,,,,,
afghanistan,afghanistan,Recipe,Place_of_origin,,,,,,
ajoblanco,Ajoblanco,Recipe,Name,,,,,,
alcohol,Alcolici,Ingredients,Ingredient_class,,,,,,
almond,mandorle,RecipeIngredients,Ingredient,RecipeIngredients,Alternate ingredient,Ingredients,Ingredient,Recipe,Main_ingredient
almost raw,quasi crudista,Recipe,Cooking_Technique,,,,,,
anchovy,acciughe,RecipeIngredients,Ingredient,RecipeIngredients,Alternate ingredient,Ingredients,Ingredient,,
dill,aneto,RecipeIngredients,Ingredient,RecipeIngredients,Alternate ingredient,Ingredients,Ingredient,,
anise for dessert,anice per dolci,RecipeIngredients,Ingredient,RecipeIngredients,Alternate ingredient,Ingredients,Ingredient,,
apple cider vinegar,aceto di mele,RecipeIngredients,Ingredient,RecipeIngredients,Alternate ingredient,Ingredients,Ingredient,,
argentina,argentina,Recipe,Place_of_origin,,,,,,
armenia,armenia,Recipe,Place_of_origin,,,,,,
caviar,caviar,Recipe,Name,,,,,,
boreg,boreg,Recipe,Name,,,,,,
ghapama,ghapama,Recipe,Name,,,,,,
avocado,avocado,RecipeIngredients,Ingredient,RecipeIngredients,Alternate ingredient,Ingredients,Ingredient,Recipe,Main_ingredient
baby chard,cardi,RecipeIngredients,Ingredient,RecipeIngredients,Alternate ingredient,Ingredients,Ingredient,,
baked,al forno,Recipe,Cooking_Technique,,,,,,
firinda peynirli karniyarik,firinda peynirli karniyarik,Recipe,Name,,,,,,
peperonata,peperonata,Recipe,Name,,,,,,
bakery,Panetteria,Ingredients,Ingredient_class,,,,,,
baking powder,lievito in polvere,RecipeIngredients,Ingredient,RecipeIngredients,Alternate ingredient,Ingredients,Ingredient,,
baking soda,bicarbonato,RecipeIngredients,Ingredient,RecipeIngredients,Alternate ingredient,Ingredients,Ingredient,,
baking tray,vassoio da cottura,RecipeTools,Tool_Name,,,,,,
balsamic vinegar,aceto balsamico,RecipeIngredients,Ingredient,RecipeIngredients,Alternate ingredient,Ingredients,Ingredient,,
banana,banane,RecipeIngredients,Ingredient,RecipeIngredients,Alternate ingredient,Ingredients,Ingredient,Recipe,Main_ingredient
bangladesh,bangladesh,Recipe,Place_of_origin,,,,,,
barbecue,barbecue,RecipeTools,Tool_Name,,,,,,
basil leaf,foglie di basilico,RecipeIngredients,Ingredient,RecipeIngredients,Alternate ingredient,Ingredients,Ingredient,,
basmati rice,riso basmati,RecipeIngredients,Ingredient,RecipeIngredients,Alternate ingredient,Ingredients,Ingredient,,
bay leaf,alloro,RecipeIngredients,Ingredient,RecipeIngredients,Alternate ingredient,Ingredients,Ingredient,,
bean,fagioli,Recipe,Main_ingredient,,,,,,
beef meat,carne di manzo,RecipeIngredients,Ingredient,RecipeIngredients,Alternate ingredient,Ingredients,Ingredient,Recipe,Main_ingredient
beef meat; lamb meat,manzo; agnello,Recipe,Main_ingredient,,,,,,
beef meat; rice,manzo; riso,Recipe,Main_ingredient,,,,,,
beef meat; semolina,manzo; semolino,Recipe,Main_ingredient,,,,,,
bell pepper,peperoni,RecipeIngredients,Ingredient,RecipeIngredients,Alternate ingredient,Ingredients,Ingredient,Recipe,Main_ingredient
Birani,Birani,Recipe,Name,,,,,,
black cardamom,cardamomo nero,RecipeIngredients,Ingredient,RecipeIngredients,Alternate ingredient,Ingredients,Ingredient,,
black olive,olive nere,RecipeIngredients,Ingredient,RecipeIngredients,Alternate ingredient,Ingredients,Ingredient,,
ground black pepper,pepe nero in polvere,RecipeIngredients,Ingredient,RecipeIngredients,Alternate ingredient,Ingredients,Ingredient,,
black pepper seed,pepe nero in semi,RecipeIngredients,Ingredient,RecipeIngredients,Alternate ingredient,Ingredients,Ingredient,,
black-eyed pea,fagioli dall'occchio nero,RecipeIngredients,Ingredient,RecipeIngredients,Alternate ingredient,Ingredients,Ingredient,,
blender,tritatutto,RecipeTools,Tool_Name,,,,,,
boiled,bollito,Recipe,Cooking_Technique,RecipeIngredients,Preparation_technique,,,,
boiled chickpea,ceci bolliti,RecipeIngredients,Ingredient,RecipeIngredients,Alternate ingredient,Ingredients,Ingredient,,
boiled; peeled; smashed,bollito; pelato; schiacciato,RecipeIngredients,Preparation_technique,,,,,,
boiling,in ebollizione,RecipeIngredients,Preparation_technique,,,,,,
boneless chicken thigh,cosce di pollo disossate,RecipeIngredients,Ingredient,RecipeIngredients,Alternate ingredient,Ingredients,Ingredient,,
bottle,bottiglia,RecipeIngredients,Unit_of_measure,,,,,,
bowl,ciotola,RecipeTools,Tool_Name,,,,,,
brazil,brasile,Recipe,Place_of_origin,,,,,,
breadcrumb,briciole di pane,RecipeIngredients,Ingredient,RecipeIngredients,Alternate ingredient,Ingredients,Ingredient,,
brown mustard seed,semi di mostarda scura,RecipeIngredients,Ingredient,RecipeIngredients,Alternate ingredient,Ingredients,Ingredient,,
brown sugar,zucchero di canna,RecipeIngredients,Ingredient,RecipeIngredients,Alternate ingredient,Ingredients,Ingredient,,
bulgur,bulgur,RecipeIngredients,Ingredient,RecipeIngredients,Alternate ingredient,Ingredients,Ingredient,Recipe,Main_ingredient
bunch,mazzo,RecipeIngredients,Unit_of_measure,,,,,,
butter,burro,RecipeIngredients,Ingredient,RecipeIngredients,Alternate ingredient,Ingredients,Ingredient,,
cabbage,cavolo,RecipeIngredients,Ingredient,RecipeIngredients,Alternate ingredient,Ingredients,Ingredient,Recipe,Main_ingredient
cake pan,padella per torte,RecipeTools,Tool_Name,,,,,,
calamari,calamari,RecipeIngredients,Ingredient,RecipeIngredients,Alternate ingredient,Ingredients,Ingredient,Recipe,Main_ingredient
can,lattina,RecipeIngredients,Unit_of_measure,,,,,,
canned fruit,Frutta in scatola,Ingredients,Ingredient_class,,,,,,
canned items,Lattine,Ingredients,Ingredient_class,,,,,,
caper,capperi,RecipeIngredients,Ingredient,RecipeIngredients,Alternate ingredient,Ingredients,Ingredient,,
carrot,carote,RecipeIngredients,Ingredient,RecipeIngredients,Alternate ingredient,Ingredients,Ingredient,Recipe,Main_ingredient
havuc tarator,havuc tarator,Recipe,Name,,,,,,
biberli tarator,biberli tarator,Recipe,Name,,,,,,
carrot ribbons,Nastri di carote,Recipe,Name,,,,,,
carrot; bell pepper,carote; peperoni,Recipe,Main_ingredient,,,,,,
cashew,anacardi,RecipeIngredients,Ingredient,RecipeIngredients,Alternate ingredient,Ingredients,Ingredient,,
cayenne pepper,pepe di cayenna,RecipeIngredients,Ingredient,RecipeIngredients,Alternate ingredient,Ingredients,Ingredient,,
celery root,sedano rapa,RecipeIngredients,Ingredient,RecipeIngredients,Alternate ingredient,Ingredients,Ingredient,,
cereals,Cereali lavorati e non,Ingredients,Ingredient_class,,,,,,
chaat masala,chaat masala,RecipeIngredients,Ingredient,RecipeIngredients,Alternate ingredient,Ingredients,Ingredient,,
champignon mushroom,funghi champignon,RecipeIngredients,Ingredient,RecipeIngredients,Alternate ingredient,Ingredients,Ingredient,,
Chapli Kabab,Chapli Kabab,Recipe,Name,,,,,,
cheese,formaggio,Recipe,Main_ingredient,,,,,,
firinda kasarli mantar,firinda kasarli mantar,Recipe,Name,,,,,,
Almiri Tarta Me Mastiha,Almiri Tarta Me Mastiha,Recipe,Name,,,,,,
cherry in sirup,ciliege in sciroppo,RecipeIngredients,Ingredient,RecipeIngredients,Alternate ingredient,Ingredients,Ingredient,,
cherry sirup,sciroppo di ciliege,RecipeIngredients,Ingredient,RecipeIngredients,Alternate ingredient,Ingredients,Ingredient,,
cherry tomato,pomodorini,RecipeIngredients,Ingredient,RecipeIngredients,Alternate ingredient,Ingredients,Ingredient,,
chicken,pollo,RecipeIngredients,Ingredient,RecipeIngredients,Alternate ingredient,Ingredients,Ingredient,Recipe,Main_ingredient
chicken breast,petto di pollo,RecipeIngredients,Ingredient,RecipeIngredients,Alternate ingredient,Ingredients,Ingredient,,
murghi ka saalan,murghi ka saalan,Recipe,Name,,,,,,
chicken leg,zampa di pollo,RecipeIngredients,Ingredient,RecipeIngredients,Alternate ingredient,Ingredients,Ingredient,,
chicken meat; bell pepper; eggplant,pollo; peperoni; melanzane,Recipe,Main_ingredient,,,,,,
chicken meat; rice,pollo; riso,Recipe,Main_ingredient,,,,,,
chicken thigh,coscia di pollo,RecipeIngredients,Ingredient,RecipeIngredients,Alternate ingredient,Ingredients,Ingredient,,
chickpea,ceci,RecipeIngredients,Ingredient,RecipeIngredients,Alternate ingredient,Ingredients,Ingredient,Recipe,Main_ingredient
chickpea flour,farina di ceci,RecipeIngredients,Ingredient,RecipeIngredients,Alternate ingredient,Ingredients,Ingredient,,
chickpea flour; yogurt; sugar,farina di ceci; yogurt; zucchero,Recipe,Main_ingredient,,,,,,
hummus,hummus,Recipe,Name,,,,,,
chili powder,peperoncino in polvere,RecipeIngredients,Ingredient,RecipeIngredients,Alternate ingredient,Ingredients,Ingredient,,
chives,erba cipollina,RecipeIngredients,Ingredient,RecipeIngredients,Alternate ingredient,Ingredients,Ingredient,,
chopped,affettato,RecipeIngredients,Preparation_technique,,,,,,
cilantro,cilandro (coriandolo),RecipeIngredients,Ingredient,RecipeIngredients,Alternate ingredient,Ingredients,Ingredient,,
cinnamon stick,bastoncino di cannella,RecipeIngredients,Ingredient,RecipeIngredients,Alternate ingredient,Ingredients,Ingredient,,
cerkez tavugu,pollo alla circassa,Recipe,Name,,,,,,
cleaned,pulito,RecipeIngredients,Preparation_technique,,,,,,
clove,spicchio,RecipeIngredients,Unit_of_measure,,,,,,
cloves,chiodo di garofano,RecipeIngredients,Ingredient,RecipeIngredients,Alternate ingredient,Ingredients,Ingredient,RecipeIngredients,Unit_of_measure
cm,cm,RecipeIngredients,Unit_of_measure,,,,,,
coconut,cocco,RecipeIngredients,Ingredient,RecipeIngredients,Alternate ingredient,Ingredients,Ingredient,Recipe,Main_ingredient
coconut milk,latte di cocco,RecipeIngredients,Ingredient,RecipeIngredients,Alternate ingredient,Ingredients,Ingredient,Recipe,Main_ingredient
concentrated tomato paste,salsa concentrata di pomodoro,RecipeIngredients,Ingredient,RecipeIngredients,Alternate ingredient,Ingredients,Ingredient,,
coriander seed,semi di coriandolo,RecipeIngredients,Ingredient,RecipeIngredients,Alternate ingredient,Ingredients,Ingredient,,
corn meal flour,farina di mais,RecipeIngredients,Ingredient,RecipeIngredients,Alternate ingredient,Ingredients,Ingredient,,
corn oil,olio di girasole,RecipeIngredients,Ingredient,RecipeIngredients,Alternate ingredient,Ingredients,Ingredient,,
cornstarch,amido di mais,RecipeIngredients,Ingredient,RecipeIngredients,Alternate ingredient,Ingredients,Ingredient,,
cottage cheese,fiocchi di latte,RecipeIngredients,Ingredient,RecipeIngredients,Alternate ingredient,Ingredients,Ingredient,,
cous cous; sweet potato,cous cous; patate dolci,Recipe,Main_ingredient,,,,,,
couscous,couscous,RecipeIngredients,Ingredient,RecipeIngredients,Alternate ingredient,Ingredients,Ingredient,,
crepe pan,padella per crepes,RecipeTools,Tool_Name,,,,,,
Crescione alle erbette,Crescione alle erbette,Recipe,Name,,,,,,
crescione romagnolo with samosa filling,Crescione romagnolo con ripieno di samosa,Recipe,Name,,,,,,
girit ezmesi,girit ezmesi,Recipe,Name,,,,,,
Kalamaria Gemista Me Ryzi,Kalamaria Gemista Me Ryzi,Recipe,Name,,,,,,
crumbled,spezzettato,RecipeIngredients,Preparation_technique,,,,,,
crushed,schiacciato,RecipeIngredients,Preparation_technique,,,,,,
cube,cubetto,RecipeIngredients,Unit_of_measure,,,,,,
cucumber,cetriolo,RecipeIngredients,Ingredient,RecipeIngredients,Alternate ingredient,Ingredients,Ingredient,,
cumin seed,cumino in semi,RecipeIngredients,Ingredient,RecipeIngredients,Alternate ingredient,Ingredients,Ingredient,,
cup,tazza,RecipeTools,Tool_Name,,,,,,
curry leaf,foglie di curry,RecipeIngredients,Ingredient,RecipeIngredients,Alternate ingredient,Ingredients,Ingredient,,
curry powder,curry in polvere,RecipeIngredients,Ingredient,RecipeIngredients,Alternate ingredient,Ingredients,Ingredient,,
pla goong,pla goong,Recipe,Name,,,,,,
cut,tagliato,RecipeIngredients,Preparation_technique,,,,,,
cut (size: 1 cm),tagliato (dimensione: 1 cm),RecipeIngredients,Preparation_technique,,,,,,
cut (size: 1-2 cm),tagliato (dimensione: 1-2 cm),RecipeIngredients,Preparation_technique,,,,,,
cut (size: 5cm long; thin),tagliato (sottili; lunghi 5 cm),RecipeIngredients,Preparation_technique,,,,,,
cut in long stripes,tagliato a strisce,RecipeIngredients,Preparation_technique,,,,,,
cut in pieces,tagliato a pezzi,RecipeIngredients,Preparation_technique,,,,,,
cut in thin long pieces,tagliato a pezzi sottili e lunghi,RecipeIngredients,Preparation_technique,,,,,,
cut in thin slices,tagliato a fette sottili,RecipeIngredients,Preparation_technique,,,,,,
cut into noodles,tagliato a mo' di spaghetti,RecipeIngredients,Preparation_technique,,,,,,
Dahi baray,Dahi baray,Recipe,Name,,,,,,
dairy,Prodotti caseari,Ingredients,Ingredient_class,,,,,,
Degue,Degue,Recipe,Name,,,,,,
dessert,dessert,Recipe,Category,,,,,,
diced,a cubetti,RecipeIngredients,Preparation_technique,,,,,,
diced (size: 1cm),a cubetti (dimensione: 1 cm),RecipeIngredients,Preparation_technique,,,,,,
diced (size: 2-3cm),a cubetti (dimensione: 2-3 cm),RecipeIngredients,Preparation_technique,,,,,,
diced (size: 2cm),a cubetti (dimensione: 2cm),RecipeIngredients,Preparation_technique,,,,,,
diced (size: small),a cubetti di piccola dimensione,RecipeIngredients,Preparation_technique,,,,,,
dijon mustard,mostarda di Digione,RecipeIngredients,Ingredient,RecipeIngredients,Alternate ingredient,Ingredients,Ingredient,,
dried apricot,albicocche disidratate,RecipeIngredients,Ingredient,RecipeIngredients,Alternate ingredient,Ingredients,Ingredient,,
dried cherries,ciliege disidratate,RecipeIngredients,Ingredient,RecipeIngredients,Alternate ingredient,Ingredients,Ingredient,,
dried plum,prugne secche,RecipeIngredients,Ingredient,RecipeIngredients,Alternate ingredient,Ingredients,Ingredient,,
drop,goccia,RecipeIngredients,Unit_of_measure,,,,,,
dry basil,basilico secco,RecipeIngredients,Ingredient,RecipeIngredients,Alternate ingredient,Ingredients,Ingredient,,
dry blackcurrant,ribes nero secco,RecipeIngredients,Ingredient,RecipeIngredients,Alternate ingredient,Ingredients,Ingredient,,
dry chickpea,ceci secchi,RecipeIngredients,Ingredient,RecipeIngredients,Alternate ingredient,Ingredients,Ingredient,,
dry coconut shred,cocco grattugiato,RecipeIngredients,Ingredient,RecipeIngredients,Alternate ingredient,Ingredients,Ingredient,,
dry mint,menta secca,RecipeIngredients,Ingredient,RecipeIngredients,Alternate ingredient,Ingredients,Ingredient,,
dry oregano,origano secco,RecipeIngredients,Ingredient,RecipeIngredients,Alternate ingredient,Ingredients,Ingredient,,
dry pomegranate seed,semi di melograno secchi,RecipeIngredients,Ingredient,RecipeIngredients,Alternate ingredient,Ingredients,Ingredient,,
dry seed,Frutta secca,Ingredients,Ingredient_class,,,,,,
dulce de leche,dolce di latte,RecipeIngredients,Ingredient,RecipeIngredients,Alternate ingredient,Ingredients,Ingredient,,
egg,uova,RecipeIngredients,Ingredient,RecipeIngredients,Alternate ingredient,Ingredients,Ingredient,,
egg yolk,tuorlo d'uovo,RecipeIngredients,Ingredient,RecipeIngredients,Alternate ingredient,Ingredients,Ingredient,,
egg;sugar;milk,uova; zucchero; latte,Recipe,Main_ingredient,,,,,,
eggplant,melanzane,RecipeIngredients,Ingredient,RecipeIngredients,Alternate ingredient,Ingredients,Ingredient,Recipe,Main_ingredient
mualle,mualle,Recipe,Name,,,,,,
Parmigiana di melanzane,Parmigiana di melanzane,Recipe,Name,,,,,,
babaganoush,babaganoush,Recipe,Name,,,,,,
eggs,Uova,Ingredients,Ingredient_class,,,,,,
Egusi soup,Zuppa egusi,Recipe,Name,,,,,,
appetizer,antipasto,Recipe,Category,,,,,,
extra-virgin olive oil,olio di oliva extra-vergine,RecipeIngredients,Ingredient,RecipeIngredients,Alternate ingredient,Ingredients,Ingredient,,
falafel,Falafel,Recipe,Name,,,,,,
feta cheese,formaggio feta,RecipeIngredients,Ingredient,RecipeIngredients,Alternate ingredient,Ingredients,Ingredient,Recipe,Main_ingredient
finely crumbled,spezzettato finemente,RecipeIngredients,Preparation_technique,,,,,,
fish,Pesce,Ingredients,Ingredient_class,,,,,,
flour,farina,RecipeIngredients,Ingredient,RecipeIngredients,Alternate ingredient,Ingredients,Ingredient,,
flour; butter; sugar,farina; burro; zucchero,Recipe,Main_ingredient,,,,,,
flour; condensed milk,farina; latte condensato,Recipe,Main_ingredient,,,,,,
flour; mushroom,farina; funghi,Recipe,Main_ingredient,,,,,,
flour; spinach; chard,farina; spinaci; cardi,Recipe,Main_ingredient,,,,,,
flours,Farine,Ingredients,Ingredient_class,,,,,,
fontina cheese,fontina,RecipeIngredients,Ingredient,RecipeIngredients,Alternate ingredient,Ingredients,Ingredient,,
food processor,robot da cucina,RecipeTools,Tool_Name,,,,,,
french baguette,baguette francese,RecipeIngredients,Ingredient,RecipeIngredients,Alternate ingredient,Ingredients,Ingredient,,
fresh coriander leaf,coriandolo fresco,RecipeIngredients,Ingredient,RecipeIngredients,Alternate ingredient,Ingredients,Ingredient,,
fresh green chili,peperoncini verdi freschi,RecipeIngredients,Ingredient,RecipeIngredients,Alternate ingredient,Ingredients,Ingredient,,
fresh habanero chili,peperoncini habanero freschi,RecipeIngredients,Ingredient,RecipeIngredients,Alternate ingredient,Ingredients,Ingredient,,
fresh mint,menta fresca,RecipeIngredients,Ingredient,RecipeIngredients,Alternate ingredient,Ingredients,Ingredient,,
fresh oregano,origano fresco,RecipeIngredients,Ingredient,RecipeIngredients,Alternate ingredient,Ingredients,Ingredient,,
fresh red chili,peperoncini rossi freschi,RecipeIngredients,Ingredient,RecipeIngredients,Alternate ingredient,Ingredients,Ingredient,,
fresh rosemary,rosmarino fresco,RecipeIngredients,Ingredient,RecipeIngredients,Alternate ingredient,Ingredients,Ingredient,,
fresh thyme,timo fresco,RecipeIngredients,Ingredient,RecipeIngredients,Alternate ingredient,Ingredients,Ingredient,,
fried,fritto,Recipe,Cooking_Technique,,,,,,
frozen items,Surgelati,Ingredients,Ingredient_class,,,,,,
frozen pea,piselli surgelati,RecipeIngredients,Ingredient,RecipeIngredients,Alternate ingredient,Ingredients,Ingredient,,
fruit,Frutta,Ingredients,Ingredient_class,,,,,,
frying pan,padella da frittura,RecipeTools,Tool_Name,,,,,,
fusion,fusion,Recipe,Place_of_origin,,,,,,
gambia,gambia,Recipe,Place_of_origin,,,,,,
garam masala,garam masala,RecipeIngredients,Ingredient,RecipeIngredients,Alternate ingredient,Ingredients,Ingredient,,
garlic,aglio,RecipeIngredients,Ingredient,RecipeIngredients,Alternate ingredient,Ingredients,Ingredient,,
Ghormeh gosht,Ghormeh gosht,Recipe,Name,,,,,,
ginger root,radice di zenzero,RecipeIngredients,Ingredient,RecipeIngredients,Alternate ingredient,Ingredients,Ingredient,,
glass,bicchiere,RecipeIngredients,Unit_of_measure,,,,,,
gluten,glutine,,,,,,,,
gr,gr,RecipeIngredients,Unit_of_measure,,,,,,
Ciambella romagnola,Ciambella romagnola,Recipe,Name,,,,,,
grated,grattugiato,RecipeIngredients,Preparation_technique,,,,,,
grated; drained,grattugiato; asciugato,RecipeIngredients,Preparation_technique,,,,,,
greece,grecia,Recipe,Place_of_origin,,,,,,
Midia Saganaki,Midia Saganaki,Recipe,Name,,,,,,
greek yogurt,yogurt greco,RecipeIngredients,Ingredient,RecipeIngredients,Alternate ingredient,Ingredients,Ingredient,,
green bean,fagioli verdi,RecipeIngredients,Ingredient,RecipeIngredients,Alternate ingredient,Ingredients,Ingredient,,
green cardamom seed,semi di cardamomo verdi,RecipeIngredients,Ingredient,RecipeIngredients,Alternate ingredient,Ingredients,Ingredient,,
green grape,uva bianca,RecipeIngredients,Ingredient,RecipeIngredients,Alternate ingredient,Ingredients,Ingredient,,
green lentil,lenticchie verdi,RecipeIngredients,Ingredient,RecipeIngredients,Alternate ingredient,Ingredients,Ingredient,,
green onion,cipollotti,RecipeIngredients,Ingredient,RecipeIngredients,Alternate ingredient,Ingredients,Ingredient,,
green onion leaf,foglie di cipolle verdi,RecipeIngredients,Ingredient,RecipeIngredients,Alternate ingredient,Ingredients,Ingredient,,
green pepper,peperoni verdi,RecipeIngredients,Ingredient,RecipeIngredients,Alternate ingredient,Ingredients,Ingredient,,
grill,grill,RecipeTools,Tool_Name,,,,,,
Kalamaria Gemista Me Feta,Kalamaria Gemista Me Feta,Recipe,Name,,,,,,
ground cinnamon,cannella macinata,RecipeIngredients,Ingredient,RecipeIngredients,Alternate ingredient,Ingredients,Ingredient,,
ground coriander,coriandolo macinato,RecipeIngredients,Ingredient,RecipeIngredients,Alternate ingredient,Ingredients,Ingredient,,
ground cumin,cumino macinato,RecipeIngredients,Ingredient,RecipeIngredients,Alternate ingredient,Ingredients,Ingredient,,
ground turmeric,curcuma macinata,RecipeIngredients,Ingredient,RecipeIngredients,Alternate ingredient,Ingredients,Ingredient,,
grounded,macinato,RecipeIngredients,Preparation_technique,,,,,,
guacamole,Guacamole,Recipe,Name,,,,,,
guinea-bissau,guinea-bissau,Recipe,Place_of_origin,,,,,,
half peach,mezza pesca,RecipeIngredients,Ingredient,RecipeIngredients,Alternate ingredient,Ingredients,Ingredient,,
hard-boiled,bollito a lungo,RecipeIngredients,Preparation_technique,,,,,,
harissa,harissa,RecipeIngredients,Ingredient,RecipeIngredients,Alternate ingredient,Ingredients,Ingredient,,
honey,miele,RecipeIngredients,Ingredient,RecipeIngredients,Alternate ingredient,Ingredients,Ingredient,,
hot,molto caldo,RecipeIngredients,Preparation_technique,,,,,,
tyrokafteri,tyrokafteri,Recipe,Name,,,,,,
yalanci cig kofte,yalanci cig kofte,Recipe,Name,,,,,,
iceberg salad,insalata iceberg,RecipeIngredients,Ingredient,RecipeIngredients,Alternate ingredient,Ingredients,Ingredient,,
icing sugar,zucchero a velo,RecipeIngredients,Ingredient,RecipeIngredients,Alternate ingredient,Ingredients,Ingredient,,
In the kitchen beyond borders,Troviamoci in cucina al di la' dei confini,,,,,,,,
india,india,Recipe,Place_of_origin,,,,,,
bhindi,bhindi,Recipe,Name,,,,,,
indonesia,indonesia,Recipe,Place_of_origin,,,,,,
nasi kuning,nasi kuning,Recipe,Name,,,,,,
instant yeast,lievito istantaneo,RecipeIngredients,Ingredient,RecipeIngredients,Alternate ingredient,Ingredients,Ingredient,,
iron pan,padella in acciaio,RecipeTools,Tool_Name,,,,,,
isot pepper,isot biber,RecipeIngredients,Ingredient,RecipeIngredients,Alternate ingredient,Ingredients,Ingredient,,
italy,italia,Recipe,Place_of_origin,,,,,,
Jamweli,Jamweli,Recipe,Name,,,,,,
juiced,spremuto,RecipeIngredients,Preparation_technique,,,,,,
Kabob,Kabob,Recipe,Name,,,,,,
fistikli reyhanli kebap,fistikli reyhanli kebap,Recipe,Name,,,,,,
kg,kg,RecipeIngredients,Unit_of_measure,,,,,,
navy bean,fagioli tondini,RecipeIngredients,Ingredient,RecipeIngredients,Alternate ingredient,Ingredients,Ingredient,,
piyaz,piyaz,Recipe,Name,,,,,,
kitchen paper,carta da cucina,RecipeTools,Tool_Name,,,,,,
Konnto,Konnto,Recipe,Name,,,,,,
lactose,lattosio,,,,,,,,
ladle,mestolo,RecipeTools,Tool_Name,,,,,,
lamb,agnello,Recipe,Main_ingredient,,,,,,
lamb meat,carne di agnello,RecipeIngredients,Ingredient,RecipeIngredients,Alternate ingredient,Ingredients,Ingredient,,
sebzeli kuzu sis,sebzeli kuzu sis,Recipe,Name,,,,,,
large bowl,ciotola grande,RecipeTools,Tool_Name,,,,,,
large pan,padella grande,RecipeTools,Tool_Name,,,,,,
large plate,piatto ampio,RecipeTools,Tool_Name,,,,,,
large pot,pentolone,RecipeTools,Tool_Name,,,,,,
leaf,foglia,RecipeIngredients,Unit_of_measure,,,,,,
leek,porri,RecipeIngredients,Ingredient,RecipeIngredients,Alternate ingredient,Ingredients,Ingredient,,
leaves removed from stem,foglie tolte dal gambo,RecipeIngredients,Preparation_technique,,,,,,
lemon,limoni,RecipeIngredients,Ingredient,RecipeIngredients,Alternate ingredient,Ingredients,Ingredient,,
lemon juice,succo di limone,RecipeIngredients,Ingredient,RecipeIngredients,Alternate ingredient,Ingredients,Ingredient,,
lemon peel,buccia di limone,RecipeIngredients,Ingredient,RecipeIngredients,Alternate ingredient,Ingredients,Ingredient,,
lemon zest,scorza di limone,RecipeIngredients,Ingredient,RecipeIngredients,Alternate ingredient,Ingredients,Ingredient,,
lettuce,lattuga,RecipeIngredients,Ingredient,RecipeIngredients,Alternate ingredient,Ingredients,Ingredient,,
lime,lime,RecipeIngredients,Ingredient,RecipeIngredients,Alternate ingredient,Ingredients,Ingredient,,
lime peel,buccia di lime,RecipeIngredients,Ingredient,RecipeIngredients,Alternate ingredient,Ingredients,Ingredient,,
lt,lt,RecipeIngredients,Unit_of_measure,,,,,,
maggi,maggi,RecipeIngredients,Ingredient,RecipeIngredients,Alternate ingredient,Ingredients,Ingredient,,
main,piatto principale,Recipe,Category,,,,,,
mali,mali,Recipe,Place_of_origin,,,,,,
mango,mango,RecipeIngredients,Ingredient,RecipeIngredients,Alternate ingredient,Ingredients,Ingredient,,
manioc,manioca,RecipeIngredients,Ingredient,RecipeIngredients,Alternate ingredient,Ingredients,Ingredient,,
Manjar de coco,Dolce di cocco,Recipe,Name,,,,,,
mastic gum,mastica in pezzi,RecipeIngredients,Ingredient,RecipeIngredients,Alternate ingredient,Ingredients,Ingredient,,
mastic powder,polvere di mastica,RecipeIngredients,Ingredient,RecipeIngredients,Alternate ingredient,Ingredients,Ingredient,,
meat,Carni,Ingredients,Ingredient_class,,,,,,
mediterranean,mediterraneo,Recipe,Place_of_origin,,,,,,
zeytin tapenade,tapenade di olive mediterranea,Recipe,Name,,,,,,
melon seed,semi di melone,RecipeIngredients,Ingredient,RecipeIngredients,Alternate ingredient,Ingredients,Ingredient,,
melted,fuso,RecipeIngredients,Preparation_technique,,,,,,
mexico,messico,Recipe,Place_of_origin,,,,,,
middle east,medio oriente,Recipe,Place_of_origin,,,,,,
minced,tritato,RecipeIngredients,Preparation_technique,,,,,,
haydari,haydari,Recipe,Name,,,,,,
ml,ml,RecipeIngredients,Unit_of_measure,,,,,,
Sakiz Kremali Portakalli Kek,Sakiz Kremali Portakalli Kek,Recipe,Name,,,,,,
morcilla de verano,Salsiccia estiva,Recipe,Name,,,,,,
morocco,marocco,Recipe,Place_of_origin,,,,,,
mozzarella cheese,mozzarella,RecipeIngredients,Ingredient,RecipeIngredients,Alternate ingredient,Ingredients,Ingredient,,
muenster cheese,formaggio muenster,RecipeIngredients,Ingredient,RecipeIngredients,Alternate ingredient,Ingredients,Ingredient,Recipe,Main_ingredient
mushroom,funghi,RecipeIngredients,Ingredient,RecipeIngredients,Alternate ingredient,Ingredients,Ingredient,Recipe,Main_ingredient
mussel,cozze,RecipeIngredients,Ingredient,RecipeIngredients,Alternate ingredient,Ingredients,Ingredient,Recipe,Main_ingredient
mutton meat,carne di montone,RecipeIngredients,Ingredient,RecipeIngredients,Alternate ingredient,Ingredients,Ingredient,Recipe,Main_ingredient
mutton meat; rice,montone; riso,Recipe,Main_ingredient,,,,,,
napkin,fazzoletto,RecipeTools,Tool_Name,,,,,,
nigeria,nigeria,Recipe,Place_of_origin,,,,,,
non-salted butter,burro sciapo,RecipeIngredients,Ingredient,RecipeIngredients,Alternate ingredient,Ingredients,Ingredient,,
non-sweetened cocoa powder,polvere di cacao amara,RecipeIngredients,Ingredient,RecipeIngredients,Alternate ingredient,Ingredients,Ingredient,,
non-sweetened coconut milk,latte di cocco senza zucchero,RecipeIngredients,Ingredient,RecipeIngredients,Alternate ingredient,Ingredients,Ingredient,,
nothing,nulla,RecipeIngredients,Ingredient,RecipeIngredients,Alternate ingredient,Ingredients,Ingredient,,
nutmeg,noce moscata,RecipeIngredients,Ingredient,RecipeIngredients,Alternate ingredient,Ingredients,Ingredient,,
oils,Olii,Ingredients,Ingredient_class,,,,,,
okra,okra,RecipeIngredients,Ingredient,RecipeIngredients,Alternate ingredient,Ingredients,Ingredient,Recipe,Main_ingredient
olive; tomato,olive; pomodori,Recipe,Main_ingredient,,,,,,
onion,cipolle,RecipeIngredients,Ingredient,RecipeIngredients,Alternate ingredient,Ingredients,Ingredient,,
onnivore,onnivoro,,,,,,,,
orange,arance,RecipeIngredients,Ingredient,RecipeIngredients,Alternate ingredient,Ingredients,Ingredient,,
orange juice,succo di arancia,RecipeIngredients,Ingredient,RecipeIngredients,Alternate ingredient,Ingredients,Ingredient,,
orange peel,buccia di arancia,RecipeIngredients,Ingredient,RecipeIngredients,Alternate ingredient,Ingredients,Ingredient,,
ouzo,ouzo,RecipeIngredients,Ingredient,RecipeIngredients,Alternate ingredient,Ingredients,Ingredient,,
oven,forno,RecipeTools,Tool_Name,,,,,,
oven casserole,casseruola da forno,RecipeTools,Tool_Name,,,,,,
oven paper,carta da forno,RecipeTools,Tool_Name,,,,,,
oven tray,vassoio da forno,RecipeTools,Tool_Name,,,,,,
package,confezione,RecipeIngredients,Unit_of_measure,,,,,,
pakistan,pakistan,Recipe,Place_of_origin,,,,,,
channa pulao,channa pulao,Recipe,Name,,,,,,
palm oil,olio di palma,RecipeIngredients,Ingredient,RecipeIngredients,Alternate ingredient,Ingredients,Ingredient,,
pan,padella,RecipeTools,Tool_Name,,,,,,
pan-fried,in padella,Recipe,Cooking_Technique,,,,,,
Panquecas de doce de leite,Frittelle di dolce di latte,Recipe,Name,,,,,,
paper towel,tovagliolo di carta,RecipeTools,Tool_Name,,,,,,
paprika,paprika,RecipeIngredients,Ingredient,RecipeIngredients,Alternate ingredient,Ingredients,Ingredient,,
parmesan cheese,parmigiano,RecipeIngredients,Ingredient,RecipeIngredients,Alternate ingredient,Ingredients,Ingredient,,
parsley,prezzemolo,RecipeIngredients,Ingredient,RecipeIngredients,Alternate ingredient,Ingredients,Ingredient,,
Passatelli asciutti ai funghi,Passatelli asciutti ai funghi,Recipe,Name,,,,,,
peach,pesche,Recipe,Main_ingredient,,,,,,
peanut paste,burro di arachidi,RecipeIngredients,Ingredient,RecipeIngredients,Alternate ingredient,Ingredients,Ingredient,,
peeled,pelato,RecipeIngredients,Preparation_technique,,,,,,
peeled; chopped,pelato; tagliato,RecipeIngredients,Preparation_technique,,,,,,
peeled; cut (size: 1 cm),pelato; tagliato (dimensione: 1cm),RecipeIngredients,Preparation_technique,,,,,,
peeled; diced,pelato; a cubetti,RecipeIngredients,Preparation_technique,,,,,,
peeled; diced (size: 2cm),pelato; a cubetti (dimesione: 2cm),RecipeIngredients,Preparation_technique,,,,,,
peeled; grated,pelato; grattugiato,RecipeIngredients,Preparation_technique,,,,,,
peeled; seeded; thin sliced,pelato; tolti i semi; a fette fine,RecipeIngredients,Preparation_technique,,,,,,
peeler; spiral cutter,pelatore; affettatore a spirale,RecipeTools,Tool_Name,,,,,,
phyllo pastry,pasta sfoglia fillo,RecipeIngredients,Ingredient,RecipeIngredients,Alternate ingredient,Ingredients,Ingredient,,
piccadilly tomato,pomodorino piccadilly,RecipeIngredients,Ingredient,RecipeIngredients,Alternate ingredient,Ingredients,Ingredient,,
pinch,pizzico,RecipeIngredients,Unit_of_measure,,,,,,
pine nut,pinoli,RecipeIngredients,Ingredient,RecipeIngredients,Alternate ingredient,Ingredients,Ingredient,,
pistachio,pistacchi,RecipeIngredients,Ingredient,RecipeIngredients,Alternate ingredient,Ingredients,Ingredient,,
plate,piatto,RecipeTools,Tool_Name,,,,,,
plum,prugne,RecipeIngredients,Ingredient,RecipeIngredients,Alternate ingredient,Ingredients,Ingredient,,
pomegranate sauce,salsa di melograno,RecipeIngredients,Ingredient,RecipeIngredients,Alternate ingredient,Ingredients,Ingredient,,
porcelain plate,piatto in porcellana,RecipeTools,Tool_Name,,,,,,
pot,pentola,RecipeTools,Tool_Name,,,,,,
potato,patate,RecipeIngredients,Ingredient,RecipeIngredients,Alternate ingredient,Ingredients,Ingredient,Recipe,Main_ingredient
patatesli gubate,patatesli gubate,Recipe,Name,,,,,,
powders,Polveri,Ingredients,Ingredient_class,,,,,,
pumpkin,zucca,RecipeIngredients,Ingredient,RecipeIngredients,Alternate ingredient,Ingredients,Ingredient,Recipe,Main_ingredient
pumpkin noodles,Spaghetti di zucca,Recipe,Name,,,,,,
raisin,uvetta,RecipeIngredients,Ingredient,RecipeIngredients,Alternate ingredient,Ingredients,Ingredient,,
raki,raki,RecipeIngredients,Ingredient,RecipeIngredients,Alternate ingredient,Ingredients,Ingredient,,
raw,crudista,Recipe,Cooking_Technique,,,,,,
red bell pepper,peperoni rossi,RecipeIngredients,Ingredient,RecipeIngredients,Alternate ingredient,Ingredients,Ingredient,,
crushed chillies,peperoncino a scaglie,RecipeIngredients,Ingredient,RecipeIngredients,Alternate ingredient,Ingredients,Ingredient,,
red mullet,triglie,RecipeIngredients,Ingredient,RecipeIngredients,Alternate ingredient,Ingredients,Ingredient,,
red onion,cipolla rossa,RecipeIngredients,Ingredient,RecipeIngredients,Alternate ingredient,Ingredients,Ingredient,,
red radish,radicchio rosso,RecipeIngredients,Ingredient,RecipeIngredients,Alternate ingredient,Ingredients,Ingredient,,
rum tatlisi,rum tatlisi,Recipe,Name,,,,,,
rice,riso,RecipeIngredients,Ingredient,RecipeIngredients,Alternate ingredient,Ingredients,Ingredient,Recipe,Main_ingredient
ricotta cheese,ricotta,RecipeIngredients,Ingredient,RecipeIngredients,Alternate ingredient,Ingredients,Ingredient,Recipe,Main_ingredient
roasted,arrosto,Recipe,Cooking_Technique,,,,,,
patlican salatasi,patlican salatasi,Recipe,Name,,,,,,
kozlenmis kirmizi biber sarmasi,kozlenmis kirmizi biber sarmasi,Recipe,Name,,,,,,
rocket,rucola,RecipeIngredients,Ingredient,RecipeIngredients,Alternate ingredient,Ingredients,Ingredient,,
rolling pin,mattarello,RecipeTools,Tool_Name,,,,,,
Pesche romagnole alla crema,Pesche romagnole alla crema,Recipe,Name,,,,,,
root celery,rapa sedano,Recipe,Main_ingredient,,,,,,
kereviz salatasi,kereviz salatasi,Recipe,Name,,,,,,
rose pepper,pepe rosa,RecipeIngredients,Ingredient,RecipeIngredients,Alternate ingredient,Ingredients,Ingredient,,
rosolio liqueur,rosolio,RecipeIngredients,Ingredient,RecipeIngredients,Alternate ingredient,Ingredients,Ingredient,,
rough chopped,affettato grezzamente,RecipeIngredients,Preparation_technique,,,,,,
russia,russia,Recipe,Place_of_origin,,,,,,
zeppole,zeppole,Recipe,Name,,,,,,
salmon,salmone,RecipeIngredients,Ingredient,RecipeIngredients,Alternate ingredient,Ingredients,Ingredient,Recipe,Main_ingredient
Solomos Se Krousta Me Saltsa Mastiha,Solomos Se Krousta Me Saltsa Mastiha,Recipe,Name,,,,,,
salmorejo,Salmorejo,Recipe,Name,,,,,,
salt,sale,RecipeIngredients,Ingredient,RecipeIngredients,Alternate ingredient,Ingredients,Ingredient,,
sardine,sardine,RecipeIngredients,Ingredient,RecipeIngredients,Alternate ingredient,Ingredients,Ingredient,,
sardine; red mullet,sardine; triglie,Recipe,Main_ingredient,,,,,,
sautee,saltato,RecipeIngredients,Preparation_technique,,,,,,
Kalamari Svismeno Me Ouzo,Kalamari Svismeno Me Ouzo,Recipe,Name,,,,,,
saksuka,saksuka,Recipe,Name,,,,,,
scallion,scalogno,RecipeIngredients,Ingredient,RecipeIngredients,Alternate ingredient,Ingredients,Ingredient,,
schiacciapassatelli,schiacciapassatelli,RecipeTools,Tool_Name,,,,,,
scrambled,strapazzato,RecipeIngredients,Preparation_technique,,,,,,
sealable container,contenitore ermetico,RecipeTools,Tool_Name,,,,,,
semolina,semolino,RecipeIngredients,Ingredient,RecipeIngredients,Alternate ingredient,Ingredients,Ingredient,,
semolina flour,farina di semola,RecipeIngredients,Ingredient,RecipeIngredients,Alternate ingredient,Ingredients,Ingredient,,
sesame seed,semi di sesamo,RecipeIngredients,Ingredient,RecipeIngredients,Alternate ingredient,Ingredients,Ingredient,,
shallot,cipollotto,RecipeIngredients,Ingredient,RecipeIngredients,Alternate ingredient,Ingredients,Ingredient,,
sheet,sheet,RecipeIngredients,Unit_of_measure,,,,,,
shrimp,gamberetti,RecipeIngredients,Ingredient,RecipeIngredients,Alternate ingredient,Ingredients,Ingredient,Recipe,Main_ingredient
karides salatasi,karides salatasi,Recipe,Name,,,,,,
side dish,contorno,Recipe,Category,,,,,,
Simaumo,Simaumo,Recipe,Name,,,,,,
skewer,spiedini,RecipeTools,Tool_Name,,,,,,
skillet,padellina,RecipeTools,Tool_Name,,,,,,
slice,fetta,RecipeIngredients,Unit_of_measure,,,,,,
sliced,a fettine,RecipeIngredients,Preparation_technique,,,,,,
small bag,bustina,RecipeIngredients,Unit_of_measure,,,,,,
small green pepper,peperoni verdi piccoli (friarelli),RecipeIngredients,Ingredient,RecipeIngredients,Alternate ingredient,Ingredients,Ingredient,,
small pieces,a pezzi piccoli,RecipeIngredients,Preparation_technique,,,,,,
small pot,pentolino,RecipeTools,Tool_Name,,,,,,
small spoon,cucchiaino,RecipeIngredients,Unit_of_measure,,,,,,
small tomato,pomodori piccoli,RecipeIngredients,Ingredient,RecipeIngredients,Alternate ingredient,Ingredients,Ingredient,,
smashed,schiacciato,RecipeIngredients,Preparation_technique,,,,,,
smoked paprika,paprika affumicata,RecipeIngredients,Ingredient,RecipeIngredients,Alternate ingredient,Ingredients,Ingredient,,
soaked,in ammollo,RecipeIngredients,Preparation_technique,,,,,,
soaked (time: 24 hrs),in ammollo (tempo: 24 ore),RecipeIngredients,Preparation_technique,,,,,,
soaked (time: 2hrs); rinsed; drained,in ammollo per 2 ore; pulito; asciugato,RecipeIngredients,Preparation_technique,,,,,,
soaked (time: 30 min),in ammollo (tempo: 30 minuti),RecipeIngredients,Preparation_technique,,,,,,
soaked (time: 6 hrs),in ammollo (tempo: 6 ore),RecipeIngredients,Preparation_technique,,,,,,
softened in warm water,ammorbidito in acqua calda,RecipeIngredients,Preparation_technique,,,,,,
soy sauce,salsa di soia,RecipeIngredients,Ingredient,RecipeIngredients,Alternate ingredient,Ingredients,Ingredient,,
soya mince,soya tritata,RecipeIngredients,Ingredient,RecipeIngredients,Alternate ingredient,Ingredients,Ingredient,,
spain,spagna,Recipe,Place_of_origin,,,,,,
spelt flour,farina di farro,RecipeIngredients,Ingredient,RecipeIngredients,Alternate ingredient,Ingredients,Ingredient,,
spelt flour; potato,farina di farro; patate,Recipe,Main_ingredient,,,,,,
spice,Spezie,Ingredients,Ingredient_class,,,,,,
spinach,spinaci,RecipeIngredients,Ingredient,RecipeIngredients,Alternate ingredient,Ingredients,Ingredient,Recipe,Main_ingredient
spinach cheese,Formaggio di spinaci,Recipe,Name,,,,,,
ispanakli borek,ispanakli borek,Recipe,Name,,,,,,
spinach; cashew,spinaci; anacardi,Recipe,Main_ingredient,,,,,,
split in 8 pieces,diviso in 8 parti,RecipeIngredients,Preparation_technique,,,,,,
split in three,diviso in 3 parti,RecipeIngredients,Preparation_technique,,,,,,
split in three (lengthwise),diviso in 3 per la lunghezza,RecipeIngredients,Preparation_technique,,,,,,
split in two,diviso in due,RecipeIngredients,Preparation_technique,,,,,,
spoon,cucchiaio,RecipeIngredients,Unit_of_measure,,,,,,
kasik salatasi,kasik salatasi,Recipe,Name,,,,,,
spring,spring,RecipeIngredients,Unit_of_measure,,,,,,
stale bread,pane vecchio,RecipeIngredients,Ingredient,RecipeIngredients,Alternate ingredient,Ingredients,Ingredient,,
stem removed; thin chopped,rimosso il gambo; affettato finemente,RecipeIngredients,Preparation_technique,,,,,,
stretch film,pellicola trasparente,RecipeTools,Tool_Name,,,,,,
sugar,zucchero,RecipeIngredients,Ingredient,RecipeIngredients,Alternate ingredient,Ingredients,Ingredient,,
sugar powder,zucchero in polvere,RecipeIngredients,Ingredient,RecipeIngredients,Alternate ingredient,Ingredients,Ingredient,,
sumak,sumak,RecipeIngredients,Ingredient,RecipeIngredients,Alternate ingredient,Ingredients,Ingredient,,
sundried tomato,pomodorini secchi,RecipeIngredients,Ingredient,RecipeIngredients,Alternate ingredient,Ingredients,Ingredient,,
lahana sarmasi,lahana sarmasi,Recipe,Name,,,,,,
sweet potato,patata dolce,RecipeIngredients,Ingredient,RecipeIngredients,Alternate ingredient,Ingredients,Ingredient,,
sweet vinegar,aceto dolce,RecipeIngredients,Ingredient,RecipeIngredients,Alternate ingredient,Ingredients,Ingredient,,
sweeteners,Dolcificanti,Ingredients,Ingredient_class,,,,,,
tahini,tahini,RecipeIngredients,Ingredient,RecipeIngredients,Alternate ingredient,Ingredients,Ingredient,,
taleggio cheese,taleggio,RecipeIngredients,Ingredient,RecipeIngredients,Alternate ingredient,Ingredients,Ingredient,,
tamarind paste,crema di tamarindo,RecipeIngredients,Ingredient,RecipeIngredients,Alternate ingredient,Ingredients,Ingredient,,
Gaeng Khiao Wan Gai,Gaeng Khiao Wan Gai,Recipe,Name,,,,,,
thai green curry paste,crema di curry verde tailandese,RecipeIngredients,Ingredient,RecipeIngredients,Alternate ingredient,Ingredients,Ingredient,,
thailand,thailandia,Recipe,Place_of_origin,,,,,,
thin chopped,affettato finemente,RecipeIngredients,Preparation_technique,,,,,,
thin diced,a cubetti piccoli,RecipeIngredients,Preparation_technique,,,,,,
thin sliced,a fette sottili,RecipeIngredients,Preparation_technique,,,,,,
Tigadegena,Tigadegena,Recipe,Name,,,,,,
togo,togo,Recipe,Place_of_origin,,,,,,
tomato,pomodori,RecipeIngredients,Ingredient,RecipeIngredients,Alternate ingredient,Ingredients,Ingredient,Recipe,Main_ingredient
peynirli domates sepeti,peynirli domates sepeti,Recipe,Name,,,,,,
tomato paste,pasta di pomodori,RecipeIngredients,Ingredient,RecipeIngredients,Alternate ingredient,Ingredients,Ingredient,,
tomato sauce,salsa di pomodori,RecipeIngredients,Ingredient,RecipeIngredients,Alternate ingredient,Ingredients,Ingredient,,
tomato sauce in cubes,salsa di pomodori a cubetti,RecipeIngredients,Ingredient,RecipeIngredients,Alternate ingredient,Ingredients,Ingredient,,
toothpick,stuzzicadente,RecipeTools,Tool_Name,,,,,,
top cut; carved,rimossa la cima; scavato,RecipeIngredients,Preparation_technique,,,,,,
tosella cheese,tosella,RecipeIngredients,Ingredient,RecipeIngredients,Alternate ingredient,Ingredients,Ingredient,,
tray,vassoio,RecipeTools,Tool_Name,,,,,,
tuna fish,tonno,RecipeIngredients,Ingredient,RecipeIngredients,Alternate ingredient,Ingredients,Ingredient,,
turkey,turchia,Recipe,Place_of_origin,,,,,,
allspice,pimento,RecipeIngredients,Ingredient,RecipeIngredients,Alternate ingredient,Ingredients,Ingredient,,
turkish pepper paste,crema di pepe turca,RecipeIngredients,Ingredient,RecipeIngredients,Alternate ingredient,Ingredients,Ingredient,,
turkish phyllo pastry,pasta sfoglia turca,RecipeIngredients,Ingredient,RecipeIngredients,Alternate ingredient,Ingredients,Ingredient,,
turkish red tomato paste,crema turca di pomodori rossi,RecipeIngredients,Ingredient,RecipeIngredients,Alternate ingredient,Ingredients,Ingredient,,
unit,unita',RecipeIngredients,Unit_of_measure,,,,,,
vanilla bean,semi di vaniglia,RecipeIngredients,Ingredient,RecipeIngredients,Alternate ingredient,Ingredients,Ingredient,,
vanilla extract,estratto di vaniglia,RecipeIngredients,Ingredient,RecipeIngredients,Alternate ingredient,Ingredients,Ingredient,,
vanillin,vanillina,RecipeIngredients,Ingredient,RecipeIngredients,Alternate ingredient,Ingredients,Ingredient,,
vegan,vegano,,,,,,,,
vegetable,Verdure,Ingredients,Ingredient_class,,,,,,
vegetable broth,brodo vegetale,RecipeIngredients,Ingredient,RecipeIngredients,Alternate ingredient,Ingredients,Ingredient,,
vegetable cous cous,Cous cous vegetariano,Recipe,Name,,,,,,
vegetable stock powder,polvere per brodo vegetale,RecipeIngredients,Ingredient,RecipeIngredients,Alternate ingredient,Ingredients,Ingredient,,
vegetarian,vegetariano,,,,,,,,
Wake,Wake,Recipe,Name,,,,,,
walnut,noci,RecipeIngredients,Ingredient,RecipeIngredients,Alternate ingredient,Ingredients,Ingredient,,
walnut mushroom taco,Taco alle noci e funghi,Recipe,Name,,,,,,
walnut; mushroom,noci; funghi,Recipe,Main_ingredient,,,,,,
warm,caldo,RecipeIngredients,Preparation_technique,,,,,,
washed,lavato,RecipeIngredients,Preparation_technique,,,,,,
washed; cut (size: 7-8 cm),lavato; tagliato (dimensione: 7-8cm),RecipeIngredients,Preparation_technique,,,,,,
washed; dried,lavato; asciugato,RecipeIngredients,Preparation_technique,,,,,,
washed; shell removed,lavato; rimosso il guscio,RecipeIngredients,Preparation_technique,,,,,,
washed; wiped,lavato; pulito,RecipeIngredients,Preparation_technique,,,,,,
water,acqua,RecipeIngredients,Ingredient,RecipeIngredients,Alternate ingredient,Ingredients,Ingredient,Ingredients,Ingredient_class
whisk,frusta,RecipeTools,Tool_Name,,,,,,
white vinegar,aceto bianco,RecipeIngredients,Ingredient,RecipeIngredients,Alternate ingredient,Ingredients,Ingredient,,
white wine,vino bianco,RecipeIngredients,Ingredient,RecipeIngredients,Alternate ingredient,Ingredients,Ingredient,,
white yogurt,yogurt bianco,RecipeIngredients,Ingredient,RecipeIngredients,Alternate ingredient,Ingredients,Ingredient,,
white/kamut flour,farina di kamut/bianca,RecipeIngredients,Ingredient,RecipeIngredients,Alternate ingredient,Ingredients,Ingredient,,
whole milk,latte intero,RecipeIngredients,Ingredient,RecipeIngredients,Alternate ingredient,Ingredients,Ingredient,,
wooden skewer,spiedini di legno,RecipeTools,Tool_Name,,,,,,
yeast for dessert,lievito per dolci,RecipeIngredients,Ingredient,RecipeIngredients,Alternate ingredient,Ingredients,Ingredient,,
yellow bell pepper,peperone giallo,RecipeIngredients,Ingredient,RecipeIngredients,Alternate ingredient,Ingredients,Ingredient,,
yogurt,yogurt,Recipe,Main_ingredient,,,,,,
zucchini,zucchine,RecipeIngredients,Ingredient,RecipeIngredients,Alternate ingredient,Ingredients,Ingredient,Recipe,Main_ingredient
kolokithokeftedes,kolokithokeftedes,Recipe,Name,,,,,,
kabak salatasi,kabak salatasi,Recipe,Name,,,,,,
Zucchine alla besciamella,Zucchine alla besciamella,Recipe,Name,,,,,,
workshop,seminario,,,,,,,,
charity dinner,cena di beneficenza,,,,,,,,
red wine,vino rosso,,,,,,,,
deer meat,carne di cervo,,,,,,,,
A thousand and one nights in the mountains,Mille e una notte fra le montagne,,,,,,,,
Achille's therapy (vegetarian),La terapia di Achille (vegetariana),,,,,,,,
Achille's therapy (non-vegetarian),La terapia di Achille (non vegetariana),,,,,,,,
small aluminium tray,vassoietto di alluminio,,,,,,,,
grappa,grappa,,,,,,,,
apple,mela,,,,,,,,
pear,pera,,,,,,,,
white onion,cipolla bianca,,,,,,,,
Mr. Lemonhead,Il signor testa di limone,,,,,,,,
robiola cheese,formaggio robiola,,,,,,,,
savoiardi biscuit,biscotti savoiardi,,,,,,,,
Afghanistan,Afghanistan ,,,,,,,,
Albania,Albania ,,,,,,,,
Algeria,Algeria ,,,,,,,,
American Samoa,Samoa Americane,,,,,,,,
Andorra,Andorra ,,,,,,,,
Angola,Angola ,,,,,,,,
Anguilla,Anguilla ,,,,,,,,
Antigua and Barbuda,Antigua e Barbuda ,,,,,,,,
Argentina,Argentina ,,,,,,,,
Armenia,Armenia ,,,,,,,,
Aruba,Aruba ,,,,,,,,
Australia,Australia ,,,,,,,,
Austria,Austria ,,,,,,,,
Azerbaijan,Azerbaijan ,,,,,,,,
Bahamas,Bahamas,,,,,,,,
Bahrain,Bahrain ,,,,,,,,
Bangladesh,Bangladesh ,,,,,,,,
Barbados,Barbados ,,,,,,,,
Belarus,Bielorussia,,,,,,,,
Belgium,Belgio,,,,,,,,
Belize,Belize ,,,,,,,,
Benin,Benin ,,,,,,,,
Bermuda,Bermuda ,,,,,,,,
Bhutan,Bhutan ,,,,,,,,
Bolivia,Bolivia ,,,,,,,,
Bosnia and Herzegovina,Bosnia-Herzegovina ,,,,,,,,
Botswana,Botswana ,,,,,,,,
Brazil,Brazil ,,,,,,,,
British Virgin Islands,Isole Vergini Inglesi,,,,,,,,
Brunei,Brunei ,,,,,,,,
Bulgaria,Bulgaria ,,,,,,,,
Burkina Faso,Burkina Faso ,,,,,,,,
Burma,Burma ,,,,,,,,
Burundi,Burundi ,,,,,,,,
Cambodia,Cambogia,,,,,,,,
Cameroon,Camerun,,,,,,,,
Canada,Canada ,,,,,,,,
Cape Verde,Capoverde,,,,,,,,
Cayman Islands,Isole Cayman,,,,,,,,
Central African Republic,Repubblica Centroafricana,,,,,,,,
Chad,Ciad,,,,,,,,
Chile,Cile,,,,,,,,
China,Cina,,,,,,,,
Colombia,Colombia ,,,,,,,,
Comoros,Comore,,,,,,,,
Democratic Republic of Congo,Repubblica Democratica del Congo,,,,,,,,
Republic of the Congo,Repubblica del Congo,,,,,,,,
Cook Islands,Isole Cook,,,,,,,,
Costa Rica,Costa Rica ,,,,,,,,
Cote de Ivoire,Costa di Avorio,,,,,,,,
Croatia,Croazia,,,,,,,,
Cuba,Cuba ,,,,,,,,
Cyprus,Cipro,,,,,,,,
Czech Republic,Repubblica Ceca,,,,,,,,
Denmark,Danimarca,,,,,,,,
Djibouti,Gibuti,,,,,,,,
Dominica,Dominica ,,,,,,,,
Dominican Republic,Repubblica Dominicana,,,,,,,,
East Timor,Timor Est,,,,,,,,
Ecuador,Equador,,,,,,,,
Egypt,Egitto,,,,,,,,
El Salvador,El Salvador ,,,,,,,,
Equatorial Guinea,Guinea Equatoriale,,,,,,,,
Eritrea,Eritrea ,,,,,,,,
Estonia,Estonia ,,,,,,,,
Ethiopia,Etiopia,,,,,,,,
Faroe Islands,Isole Faroer,,,,,,,,
Fiji,Isole Figi,,,,,,,,
Finland,Finlandia,,,,,,,,
France,Francia,,,,,,,,
French Guiana,Guyana Francese,,,,,,,,
French Polynesia,Polinesia Francese,,,,,,,,
Gabon,Gabon ,,,,,,,,
The Gambia,Gambia,,,,,,,,
Gaza Strip,Striscia di Gaza,,,,,,,,
Georgia,Georgia ,,,,,,,,
Germany,Germania,,,,,,,,
Ghana,Ghana ,,,,,,,,
Gibraltar,Gibilterra,,,,,,,,
Greece,Grecia,,,,,,,,
Greenland,Groenlandia,,,,,,,,
Grenada,Granada,,,,,,,,
Guadeloupe,Guadalupe,,,,,,,,
Guam,Guam ,,,,,,,,
Guatemala,Guatemala ,,,,,,,,
Guernsey,Guernsey ,,,,,,,,
Guinea,Guinea ,,,,,,,,
Guinea-Bissau,Guinea-Bissau ,,,,,,,,
Guyana,Guyana ,,,,,,,,
Haiti,Haiti ,,,,,,,,
Honduras,Honduras ,,,,,,,,
Hong Kong,Hong Kong ,,,,,,,,
Hungary,Ungheria,,,,,,,,
Iceland,Islanda,,,,,,,,
India,India ,,,,,,,,
Indonesia,Indonesia ,,,,,,,,
Iran,Iran ,,,,,,,,
Iraq,Iraq ,,,,,,,,
Ireland,Irlanda,,,,,,,,
Isle of Man,Isola di Man,,,,,,,,
Israel,Israele,,,,,,,,
Italy,Italia,,,,,,,,
Jamaica,Giamaica,,,,,,,,
Japan,Giappone,,,,,,,,
Jersey,Jersey ,,,,,,,,
Jordan,Giordania,,,,,,,,
Kazakhstan,Kazakhstan ,,,,,,,,
Kenya,Kenya ,,,,,,,,
Kiribati,Kiribati ,,,,,,,,
North Korea,Corea del Nord,,,,,,,,
South Korea,Corea del Sud,,,,,,,,
Kuwait,Kuwait ,,,,,,,,
Kyrgyzstan,Kyrgyzstan ,,,,,,,,
Laos,Laos ,,,,,,,,
Latvia,Latvia ,,,,,,,,
Lebanon,Libano,,,,,,,,
Lesotho,Lesotho ,,,,,,,,
Liberia,Liberia ,,,,,,,,
Libya,Libia,,,,,,,,
Liechtenstein,Liechtenstein ,,,,,,,,
Lithuania,Lituania,,,,,,,,
Luxembourg,Lussemburgo,,,,,,,,
Macau,Macao,,,,,,,,
Macedonia,Macedonia ,,,,,,,,
Madagascar,Madagascar ,,,,,,,,
Malawi,Malawi ,,,,,,,,
Malaysia,Malesia,,,,,,,,
Maldives,Isole Maldive,,,,,,,,
Mali,Mali ,,,,,,,,
Malta,Malta ,,,,,,,,
Marshall Islands,Isole Marshall,,,,,,,,
Martinique,Martinica,,,,,,,,
Mauritania,Mauritania ,,,,,,,,
Mauritius,Isole Mauritius,,,,,,,,
Mayotte,Mayotte ,,,,,,,,
Mexico,Messico,,,,,,,,
Micronesia,Micronesia,,,,,,,,
Moldova,Moldova ,,,,,,,,
Monaco,Monaco ,,,,,,,,
Mongolia,Mongolia ,,,,,,,,
Montserrat,Montserrat ,,,,,,,,
Morocco,Marocco,,,,,,,,
Mozambique,Mozambico,,,,,,,,
Namibia,Namibia ,,,,,,,,
Nauru,Nauru ,,,,,,,,
Nepal,Nepal ,,,,,,,,
Netherlands,Olanda,,,,,,,,
Netherlands Antilles,Antille Olandesi,,,,,,,,
New Caledonia,Nuova Caledonia,,,,,,,,
New Zealand,Nuova Zelanda,,,,,,,,
Nicaragua,Nicaragua ,,,,,,,,
Niger,Niger ,,,,,,,,
Nigeria,Nigeria ,,,,,,,,
Mariana Islands,Isole Marianne,,,,,,,,
Norway,Norvegia,,,,,,,,
Oman,Oman ,,,,,,,,
Pakistan,Pakistan ,,,,,,,,
Palau,Palau ,,,,,,,,
Panama,Panama ,,,,,,,,
Papua New Guinea,Papua Nuova Guinea,,,,,,,,
Paraguay,Paraguay ,,,,,,,,
Peru,Peru ,,,,,,,,
Philippines,Filippine,,,,,,,,
Poland,Polonia,,,,,,,,
Portugal,Portogallo,,,,,,,,
Puerto Rico,Portorico,,,,,,,,
Qatar,Qatar ,,,,,,,,
Reunion,Isole Reunion,,,,,,,,
Romania,Romania ,,,,,,,,
Russia,Russia ,,,,,,,,
Rwanda,Rwanda ,,,,,,,,
Saint Helena,Saint Helena ,,,,,,,,
Saint Kitts and Nevis,Saint Kitts e Nevis ,,,,,,,,
Saint Lucia,Santa Lucia,,,,,,,,
St Pierre and Miquelon,St Pierre e Miquelon ,,,,,,,,
Saint Vincent and the Grenadines,Saint Vincent e le Grenadines ,,,,,,,,
Samoa,Samoa ,,,,,,,,
San Marino,San Marino ,,,,,,,,
Sao Tome and Principe,Sao Tome e Principe ,,,,,,,,
Saudi Arabia,Saudi Arabia ,,,,,,,,
Senegal,Senegal ,,,,,,,,
Serbia,Serbia ,,,,,,,,
Seychelles,Isole Seychelles,,,,,,,,
Sierra Leone,Sierra Leone ,,,,,,,,
Singapore,Singapore ,,,,,,,,
Slovakia,Slovacchia,,,,,,,,
Slovenia,Slovenia ,,,,,,,,
Solomon Islands,Isole Salomone,,,,,,,,
Somalia,Somalia ,,,,,,,,
South Africa,Sud Africa,,,,,,,,
Spain,Spagna,,,,,,,,
Sri Lanka,Sri Lanka ,,,,,,,,
Sudan,Sudan ,,,,,,,,
Suriname,Suriname ,,,,,,,,
Swaziland,Swaziland ,,,,,,,,
Sweden,Svezia,,,,,,,,
Switzerland,Svizzera,,,,,,,,
Syria,Siria,,,,,,,,
Taiwan,Taiwan ,,,,,,,,
Tajikistan,Tajikistan ,,,,,,,,
Tanzania,Tanzania ,,,,,,,,
Thailand,Tailandia,,,,,,,,
Togo,Togo ,,,,,,,,
Tonga,Tonga ,,,,,,,,
Trinidad and Tobago,Trinidad e Tobago ,,,,,,,,
Tunisia,Tunisia ,,,,,,,,
Turkey,Turchia,,,,,,,,
Turkmenistan,Turkmenistan ,,,,,,,,
Turks and Caicos Islands,Isole Turks e Caicos ,,,,,,,,
Tuvalu,Tuvalu ,,,,,,,,
Uganda,Uganda ,,,,,,,,
Ukraine,Ucraina,,,,,,,,
United Arab Emirates,Emirati Arabi Uniti,,,,,,,,
United Kingdom,Gran Bretagna,,,,,,,,
United States,Stati Uniti,,,,,,,,
Uruguay,Uruguay ,,,,,,,,
Uzbekistan,Uzbekistan ,,,,,,,,
Vanuatu,Vanuatu ,,,,,,,,
Venezuela,Venezuela ,,,,,,,,
Vietnam,Vietnam ,,,,,,,,
Virgin Islands,Isole Vergini ,,,,,,,,
Wallis and Futuna,Wallis e Futuna ,,,,,,,,
West Bank,Costa Ovest,,,,,,,,
Western Sahara,Sahara Occidentale,,,,,,,,
Yemen,Yemen ,,,,,,,,
Zambia,Zambia ,,,,,,,,
Zimbabwe,Zimbabwe ,,,,,,,,
From improvised dishes to improvised stories,Da piatti improvvisati a storie improvvisate,,,,,,,,
deer meat; okra,carne di cervo; okra,,,,,,,,
hard cheese,formaggio stagionato,,,,,,,,
orange; lemon; lime,arance; limoni; lime,,,,,,,,
pastry,pasta sfoglia,,,,,,,,
pastry; cheese,pasta sfoglia; formaggio,,,,,,,,
pastry; speck ham,pasta sfoglia; speck,,,,,,,,
pumpkin seed,semi di zucca,,,,,,,,
peeler,pelapatate,,,,,,,,
spiral cutter,affettatore a spirale,,,,,,,,
Cook with us in Kalamata,Cucinate con noi a Kalamata,,,,,,,,
Stuffed peppers (Biber dolmasi),Peperoni ripieni,,,,,,,,
bell pepper; rice,peperoni; riso,,,,,,,,
flat pan,pentola piatta,,,,,,,,
star anise,anice stellato,,,,,,,,
beetroot,rapa rossa,,,,,,,,
germany,Germania,,,,,,,,
parsley root,radice bianca,,,,,,,,
Karamellisierte Petersilienwurzeln,Karamellisierte Petersilienwurzeln,,,,,,,,
beetroot; sweet potato; parsley root,rape rosse; patate dolci; radici bianche,,,,,,,,
turkish tomato paste,estratto di pomodori turco,,,,,,,,
Cappelletti Romagnoli,Cappelletti Romagnoli,,,,,,,,
eggs; cheese,uova; formaggio,,,,,,,,
greek pecorino cheese,pecorino greco,,,,,,,,
greek ricotta cheese,ricotta greca,,,,,,,,
cloth,tovaglia,,,,,,,,
Begendi,Begendi,,,,,,,,
cheddar cheese,formaggio cheddar,,,,,,,,
flavour,odori,,,,,,,,
greek graviera cheese,groviera greco,,,,,,,,
greek kefalotiri cheese,formaggio greco kefalotiri,,,,,,,,
gorgonzola cheese,gorgonzola,,,,,,,,
slotted spoon,cucchiaio forato,,,,,,,,
Gnocchi al formaggio,Gnocchi al formaggio,,,,,,,,
potato; cheese,patate; formaggio,,,,,,,,
tin foil,pellicola di alluminio,,,,,,,,
lamb; potato; lemon,agnello; patate; limoni,,,,,,,,
Arnaki Lemonato tou Dimitri,Arnaki Lemonato tou Dimitri,,,,,,,,
dry rosemary,rosmarino secco,,,,,,,,
peeled; split in halves,pelate; tagliate a meta',,,,,,,,
Melizanes me Domata ke Feta tis Frosos,Melizanes me Domata ke Feta tis Frosos,,,,,,,,
eggplant; tomato; feta cheese,melanzane; pomodori; formaggio feta,,,,,,,,
sliced lengthwise; 1cm thick,fatto a fette per la lunghezza di 1 cm di spessore,,,,,,,,
biscotti poveri,biscotti poveri,,,,,,,,
flour;sugar;wine,farina; zucchero; vino,,,,,,,,
sweet wine,vino da dessert,,,,,,,,
portokalopita,portokalopita,,,,,,,,
oven pan,pentola da forno,,,,,,,,
dark chocolate,cioccolato amaro,,,,,,,,
sunflower oil,olio di semi di girasole,,,,,,,,
bar,barretta,,,,,,,,
Risotto al Teroldego,Risotto al Teroldego,,,,,,,,
rice; red wine,riso; vino rosso,,,,,,,,
Teroldego red wine,vino rosso Teroldego,,,,,,,,
meat broth,brodo di carne,,,,,,,,
grana trentino cheese,grana trentino,,,,,,,,
sikma,sikma,,,,,,,,
whole wheat flour,farina di grano intero,,,,,,,,
cokelec turkish cheese,formaggio turco cokelec,,,,,,,,
urfa peyniri turkish cheese,formaggio turco urfa,,,,,,,,
pecorino cheese,formaggio pecorino,,,,,,,,
Borulceli tarhana corbasi,Borulceli tarhana corbasi,,,,,,,,
tarhana; black-eyed peas,tarhana; fagioli dall'occhio nero,,,,,,,,
soaked for 12 hours,messi in ammollo per 12 ore,,,,,,,,
tarhana,tarhana,,,,,,,,
dry bell pepper,peperoni essiccati,,,,,,,,
bacon,pancetta,,,,,,,,
split in two,diviso a meta',,,,,,,,
sage,salvia,,,,,,,,
escalope,scaloppine,,,,,,,,
steak hammer,martello per bistecche,,,,,,,,
zucchini burger (kolokithokeftedes),polpette di zucchine,,,,,,,,
useleti scape',useleti scape',,,,,,,,
recipes/africa/gambia/jamweli-meat-stew-with-dijon-mustard,it/ricette/africa/gambia/jamweli-stufato-di-carne-con-verdure-e-mostarda,,,,,,,,
recipes/africa/gambia/simaumo-chicken-thighs-in-tomato-sauce,it/ricette/africa/gambia/simaumo-cosce-di-pollo-al-sugo-di-pomodoro-con-riso-in-bianco,,,,,,,,
recipes/africa/guinea-bissau/konnto-spicy-chicken-thighs,it/ricette/africa/guinea-bissau/konnto-cosce-di-pollo-piccanti-con-riso-in-bianco,,,,,,,,
recipes/africa/mali/degue-couscous-and-banana-dessert,it/ricette/africa/mali/degue-dolce-con-cous-cous-banane-e-jogurt,,,,,,,,
recipes/africa/mali/tigadegena-meat-stew-with-peanut-butter,it/ricette/africa/mali/tigadegena-stufato-di-agnello-con-verdure-e-burro-di-arachidi,,,,,,,,
recipes/africa/morocco/vegetable-cous-cous,it/ricette/africa/marocco/cous-cous-di-verdure,,,,,,,,
recipes/africa/nigeria/egusi-soup-meat-with-melon-seeds,it/ricette/africa/nigeria/zuppa-egusi-zuppa-di-manzo-con-semi-di-melone-e-semolino,,,,,,,,
recipes/africa/togo/wake-hot-sardine-stew-in-tomato-sauce,it/ricette/africa/togo/wake-stufato-di-sardine-e-triglie-in-salsa-rossa-piccante-con-fagioli-e-riso,,,,,,,,
recipes/asia/afghanistan/ghormeh-gosht-beef-stew-in-tomato-sauce,it/ricette/asia/afghanistan/ghormeh-gosht-stufato-di-manzo-in-salsa-di-pomodoro-con-curcuma-e-uvette,,,,,,,,
recipes/asia/afghanistan/kabob-grilled-chicken-marinated-with-onion,it/ricette/asia/afghanistan/kabob-pollo-grigliato-marinato-con-salsa-di-cipolla-e-aglio-e-servito-con-melanzane-e-peperoni,,,,,,,,
recipes/asia/armenia/boreg-phyllo-pastry,it/ricette/asia/armenia/boreg-sfoglia-al-formaggio,,,,,,,,
recipes/asia/armenia/caviar-roasted-eggplant-spread,it/ricette/asia/armenia/caviar-insalata-di-melanzane-arrosto,,,,,,,,
recipes/asia/armenia/ghapama-stuffed-pumpkin,it/ricette/asia/armenia/ghapama-zucca-al-forno-ripiena-di-riso,,,,,,,,
recipes/asia/bangladesh/birani-basmati-rice-with-meat,it/ricette/asia/bangladesh/birani-riso-basmati-con-carne-e-zenzero,,,,,,,,
recipes/asia/india/bhindi-coriander-flavored-okra,it/ricette/asia/india/bhindi-okra-piccante-al-coriandolo,,,,,,,,
recipes/asia/indonesia/nasi-kuning-rice-with-coconut-milk-and-turmeric,it/ricette/asia/indonesia/nasi-kuning-riso-al-basilico-cotto-in-latte-di-cocco-e-curcuma,,,,,,,,
recipes/asia/pakistan/channa-pulao-spicy-basmati-rice-with-chickpeas,it/ricette/asia/pakistan/channa-pulao-riso-basmati-speziato-e-ceci,,,,,,,,
recipes/asia/pakistan/chapli-kabab-spicy-meatballs-with-pomegranate-seeds,it/ricette/asia/pakistan/chapli-kabab-polpette-piccanti-con-semi-di-melograno-e-coriandolo,,,,,,,,
recipes/asia/pakistan/dahi-baray-chickpea-dumplings-in-yogurt,it/ricette/asia/pakistan/dahi-baray-polpette-di-ceci-con-jogurt-e-salsa-di-tamarindo,,,,,,,,
recipes/asia/pakistan/murghi-ka-saalan-pakistani-style-chicken-curry,it/ricette/asia/pakistan/murghi-ka-saalan-curry-piccante-di-pollo-in-salsa-rossa,,,,,,,,
recipes/asia/thailand/gaeng-khiao-wan-gai-thai-chicken-in-green-curry,it/ricette/asia/thailandia/gaeng-khiao-wan-gai-stufato-piccante-di-pollo-al-latte-di-cocco-e-verdure,,,,,,,,
recipes/asia/thailand/pla-goong-curry-sauced-grilled-shrimps,it/ricette/asia/thailandia/pla-goong-insalata-di-gamberi-con-curry-avocado-mango-e-lime,,,,,,,,
recipes/central-america/mexico/guacamole-avocado-lime-dip,it/ricette/centroamerica/messico/guacamole-crema-di-avocado-con-pomodori-cipolle-e-lime/,,,,,,,,
recipes/mediterranea/greece/almiri-tarta-me-mastiha-cheese-tart-with-mastic,it/ricette/paesi-mediterranei/grecia/torta-al-formaggio-con-mastica/,,,,,,,,
recipes/mediterranea/greece/arnaki-lemonato-tou-dimitri-dimitris-lemon-lamb,it/ricette/paesi-mediterranei/grecia/agnello-al-limone-alla-dimitri/,,,,,,,,
recipes/mediterranea/greece/kalamaria-gemista-me-feta-grilled-calamari-filled-with-feta,it/ricette/paesi-mediterranei/grecia/kalamaria-gemista-me-feta-calamari-ripieni-alla-griglia/,,,,,,,,
recipes/mediterranea/greece/kalamaria-gemista-me-ryzi-cretan-style-stuffed-squids,it/ricette/paesi-mediterranei/grecia/kalamaria-gemista-me-ryzi-calamari-ripieni-alla-cretese/,,,,,,,,
recipes/mediterranea/greece/kolokithokeftedes-zucchini-dumpligs,it/ricette/paesi-mediterranei/grecia/kolokithokeftedes-polpette-di-zucchine-con-menta-e-prezzemolo/,,,,,,,,
recipes/mediterranea/greece/melizanes-me-domata-ke-feta-tis-frosos-aubergines-with-tomatoes-and-feta,it/ricette/paesi-mediterranei/grecia/melanzane-con-pomodori-e-feta-di-frosos/,,,,,,,,
recipes/mediterranea/greece/midia-saganaki-mussels-in-tomato-and-feta-sauce,it/ricette/paesi-mediterranei/grecia/midia-saganaki-cozze-e-feta-in-salsa-rossa/,,,,,,,,
recipes/mediterranea/greece/portokalopita-orange-cake-with-phyllo-pastry,it/ricette/paesi-mediterranei/grecia/portokalopita-torta-di-arance/,,,,,,,,
recipes/mediterranea/greece/solomos-se-krousta-me-saltsa-mastiha-salmon-with-pine-nuts-and-mastic-sauce,it/ricette/paesi-mediterranei/grecia/salmone-in-crosta-di-pinoli-con-salsa-alla-mastica/,,,,,,,,
recipes/mediterranea/greece/kalamari-svismeno-me-ouzo-sauteed-squids-with-ouzo-on-potato-puree-bed,it/ricette/paesi-mediterranei/grecia/calamari-all-ouzo-su-letto-di-pure-di-patate/,,,,,,,,
recipes/mediterranea/greece/tyrokafteri-hot-feta-dip,it/ricette/paesi-mediterranei/grecia/tyrokafteri-crema-piccante-di-formaggio/,,,,,,,,
recipes/mediterranea/italy/biscotti-poveri-poor-biscuits,it/ricette/paesi-mediterranei/italia/biscotti-poveri/,,,,,,,,
recipes/mediterranea/italy/cappelletti-romagnoli-fresh-filled-pasta-from-romagna,it/ricette/paesi-mediterranei/italia/cappelletti-kalamatagnoli-cappelletti-romagnoli-in-variante-greca/,,,,,,,,
recipes/mediterranea/italy/ciambella-romagnola-dei-nonni-grandparents-donut-from-romagna,it/ricette/paesi-mediterranei/italia/ciambella-romagnola/,,,,,,,,
recipes/mediterranea/italy/crescione-alle-erbette-pie-with-herbs,it/ricette/paesi-mediterranei/italia/crescione-alle-erbette/,,,,,,,,
recipes/mediterranea/italy/gnocchi-al-formaggio-potato-dumplings-with-cheese-sauce,it/ricette/paesi-mediterranei/italia/gnocchi-con-variante-greca/,,,,,,,,
recipes/mediterranea/italy/parmigiana-di-melanzane-eggplant-pie-with-mozzarella-and-tomato,it/ricette/paesi-mediterranei/italia/parmigiana-di-melanzane-al-forno/,,,,,,,,
recipes/mediterranea/italy/passatelli-asciutti-ai-funghi-homemade-pasta-of-bread-crumbs-with-mushrooms,it/ricette/paesi-mediterranei/italia/passatelli-asciutti-ai-funghi/,,,,,,,,
recipes/mediterranea/italy/peperonata-al-forno-baked-peppers-mix,it/ricette/paesi-mediterranei/italia/peperonata/,,,,,,,,
recipes/mediterranea/italy/pesche-romagnole-alla-crema-romagna-peaches-with-cream,it/ricette/paesi-mediterranei/italia/pesche-romagnole-alla-crema/,,,,,,,,
recipes/mediterranea/italy/risotto-al-teroldego-rice-with-teroldego-wine,it/ricette/paesi-mediterranei/italia/risotto-al-teroldego/,,,,,,,,
recipes/mediterranea/italy/useleti-scape-beef-escalopes-rolls-useleti-scape,it/ricette/paesi-mediterranei/italia/useleti-scape-involtini-di-manzo/,,,,,,,,
recipes/mediterranea/italy/zeppole-di-san-giuseppe-saint-joseph-donuts,it/ricette/paesi-mediterranei/italia/zeppole-frittelle-di-san-giuseppe/,,,,,,,,
recipes/mediterranea/italy/zucchine-alla-besciamella-baked-zucchini-with-bechamel-sauce,it/ricette/paesi-mediterranei/italia/zucchine-alla-besciamella/,,,,,,,,
recipes/mediterranea/spain/ajoblanco-almond-garlic-dip,it/ricette/paesi-mediterranei/spagna/ajoblanco-crema-di-mandorle-aglio-e-pane/,,,,,,,,
recipes/mediterranea/spain/morcilla-de-verano-roasted-eggplant-salad,it/ricette/paesi-mediterranei/spagna/morcilla-de-verano-insalata-di-melanzane-arrosto/,,,,,,,,
recipes/mediterranea/spain/salmorejo-cold-tomato-soup,it/ricette/paesi-mediterranei/spagna/salmorejo-crema-fredda-di-pomodori-aglio-e-pane/,,,,,,,,
recipes/middle-east/lebanon/hummus-chickpeas-dip,it/ricette/medio-oriente/libano/hummus-crema-di-ceci/,,,,,,,,
recipes/middle-east/syria/babaganoush-eggplant-dip,it/ricette/medio-oriente/siria/babaganoush-crema-di-melanzane/,,,,,,,,
recipes/middle-east/syria/falafel-chickpea-fritters,it/ricette/medio-oriente/siria/falafel-polpette-di-ceci/,,,,,,,,
recipes/middle-east/turkey/biber-dolmasi-stuffed-peppers,it/ricette/medio-oriente/turchia/biber-dolmasi-peperoni-ripieni/,,,,,,,,
recipes/middle-east/turkey/biberli-tarator-carrot-dip-with-bell-pepper,it/ricette/medio-oriente/turchia/biberli-tarator-crema-di-carote-con-peperoni/,,,,,,,,
recipes/middle-east/turkey/cerkez-tavugu-circassian-chicken-with-walnuts,it/ricette/medio-oriente/turchia/pollo-alla-circassa-insalata-di-pollo-alle-noci/,,,,,,,,
recipes/middle-east/turkey/begendi-roasted-eggplants-with-cheese,it/ricette/medio-oriente/turchia/begendi-melanzane-arrosto-ripassate-con-formaggio-e-spezie/,,,,,,,,
recipes/middle-east/turkey/firinda-kasarli-mantar-cheese-stuffed-mushrooms,it/ricette/medio-oriente/turchia/funghi-ripieni-al-formaggio/,,,,,,,,
recipes/middle-east/turkey/firinda-peynirli-karniyarik-baked-eggplants-with-cheese,it/ricette/medio-oriente/turchia/melanzane-al-forno-con-formaggio/,,,,,,,,
recipes/middle-east/turkey/fistikli-reyhanli-kebap-kebab-with-pistachios-and-fresh-basils,it/ricette/medio-oriente/turchia/kebab-con-pistacchi-e-basilico/,,,,,,,,
recipes/middle-east/turkey/girit-ezmesi-cretan-style-walnut-and-ricotta-dip,it/ricette/medio-oriente/turchia/crema-cretese-crema-piccante-di-ricotta-e-noci/,,,,,,,,
recipes/middle-east/turkey/haydari-mint-and-yogurt-dip,it/ricette/medio-oriente/turchia/haydari-crema-alla-menta/,,,,,,,,
recipes/middle-east/turkey/ispanakli-borek-spinach-filled-pastry,it/ricette/medio-oriente/turchia/borek-sfoglia-agli-spinaci/,,,,,,,,
recipes/middle-east/turkey/kabak-salatasi-zucchini-salad,it/ricette/medio-oriente/turchia/insalata-di-zucchine/,,,,,,,,
recipes/middle-east/turkey/karides-salatasi-shrimp-salad,it/ricette/medio-oriente/turchia/insalata-di-gamberetti,,,,,,,,
recipes/middle-east/turkey/kasik-salatasi-spoon-salad,it/ricette/medio-oriente/turchia/insalata-di-pomodori-e-peperoni/,,,,,,,,
recipes/middle-east/turkey/zeytin-tapenade-olive-tapenade,it/ricette/medio-oriente/turchia/tapenade-di-olive-mediterranea/,,,,,,,,
recipes/middle-east/turkey/mualle-eggplant-and-lentils-stew,it/ricette/medio-oriente/turchia/mualle-stufato-di-melanzane-e-lenticchie-verdi/,,,,,,,,
recipes/middle-east/turkey/kozlenmis-kirmizi-biber-sarmasi-roasted-pepper-rolls-with-cheese,it/ricette/medio-oriente/turchia/rotoli-di-peperoni-arrosto-con-formaggio/,,,,,,,,
recipes/middle-east/turkey/peynirli-domates-sepeti-tomato-baskets-with-cheese,it/ricette/medio-oriente/turchia/cestelli-di-pomodoro-con-formaggio/,,,,,,,,
recipes/middle-east/turkey/piyaz-navy-bean-salad,it/ricette/medio-oriente/turchia/piyaz-insalata-di-fagioli/,,,,,,,,
recipes/middle-east/turkey/rum-tatlisi-walnut-coconut-and-bread-crumbs-cake-with-syrup,it/ricette/medio-oriente/turchia/torta-al-rum/,,,,,,,,
recipes/middle-east/turkey/sakiz-kremali-portakalli-kek-orange-cake-with-mastic-cream,it/ricette/medio-oriente/turchia/sakiz-kremali-portakalli-kek-torta-di-arance-alla-crema-di-mastica/,,,,,,,,
recipes/middle-east/turkey/sebzeli-kuzu-sis-lamb-skewers-with-vegetables,it/ricette/medio-oriente/turchia/spiedini-di-agnello-con-verdure/,,,,,,,,
recipes/middle-east/turkey/saksuka-sauteed-eggplants,it/ricette/medio-oriente/turchia/shakshuka-melanzane-saltate/,,,,,,,,
recipes/middle-east/turkey/sikma-home-made-wrap-and-roll-sandwich-with-cheese,it/ricette/medio-oriente/turchia/sikma-rotoli-speziati-al-formaggio/,,,,,,,,
recipes/middle-east/turkey/borulceli-tarhana-corbasi-dried-yogurt-and-vegetables-soup,it/ricette/medio-oriente/turchia/zuppa-di-tarhana/,,,,,,,,
recipes/middle-east/turkey/havuc-tarator-carrot-dip,it/ricette/medio-oriente/turchia/tarator-crema-di-carote/,,,,,,,,
recipes/middle-east/turkey/patatesli-gubate-pastry-with-potato-and-onion-filling,it/ricette/medio-oriente/turchia/pasticcini-di-patate/,,,,,,,,
recipes/middle-east/turkey/patlican-salatasi-roasted-eggplant-salad,it/ricette/medio-oriente/turchia/insalata-di-melanzane-al-forno/,,,,,,,,
recipes/middle-east/turkey/kereviz-salatasi-root-celery-salad,it/ricette/medio-oriente/turchia/insalata-di-sedano-rapa/,,,,,,,,
recipes/middle-east/turkey/lahana-sarmasi-spicy-cabbage-rolls,it/ricette/medio-oriente/turchia/cigni-del-lago-sarma-involtini-speziati-di-cavolo/,,,,,,,,
recipes/middle-east/turkey/yalanci-cig-kofte-hot-veggie-balls-with-bulgur-and-aromatic-herbs,it/ricette/medio-oriente/turchia/yalanci-cig-kofte-polpette-piccanti-vegetariane/,,,,,,,,
recipes/south-america/argentina/panquecas-de-doce-de-leite-pancakes-with-caramelized-milk,it/ricette/sudamerica/argentina/frittelle-al-dulce-de-leche/,,,,,,,,
recipes/south-america/brazil/manjar-de-coco-coconut-pudding,it/ricette/sudamerica/brasile/manjar-de-coco-budino-al-cocco-con-salsa-di-prugne/,,,,,,,,
recipes/world-fusion/achilles-therapy,it/ricette/fusion/la-terapia-di-achille-fagottini-di-frutta-e-verdura-e-formaggio-o-speck/,,,,,,,,
recipes/world-fusion/a-thousand-and-one-nights-in-the-mountains,it/ricette/fusion/mille-e-una-notte-nei-monti-cervo-speziato-con-salsa-al-vino-rosso/,,,,,,,,
recipes/world-fusion/carrot-ribbons,it/ricette/fusion/nastri-di-carote/,,,,,,,,
recipes/world-fusion/crescione-romagnolo-with-samosa-filling,it/ricette/fusion/crescione-romagnolo-con-ripieno-di-samosa/,,,,,,,,
recipes/europe/germany/karamellisierte-petersilienwurzeln-caramelized-beet-roots-carrots-and-sweet-potatoes,it/ricette/europa/germania/karamellisierte-petersilienwurzeln-rapa-rossa-carote-patate-dolci-caramellate/,,,,,,,,
recipes/world-fusion/mr-lemonhead,it/ricette/fusion/il-sig-testa-di-limone/,,,,,,,,
recipes/world-fusion/pumpkin-noodles,it/ricette/fusion/spaghetti-di-zucca/,,,,,,,,
recipes/world-fusion/spinach-cheese,it/ricette/fusion/spinaci-di-formaggio/,,,,,,,,
recipes/world-fusion/walnut-mushroom-taco,it/ricette/fusion/taco-vegetariano-con-funghi-e-noci/,,,,,,,,
carrot dip with bell pepper (biberli tarator),crema di carote con peperoni,,,,,,,,
recipes/middle-east/turkey/carrot-dip-with-bell-pepper,it/ricette/medio-oriente/turchia/biberli-tarator-crema-di-carote-con-peperoni,,,,,,,,
Gratin dauphinois,Patate gratinate del delfinato,,,,,,,,
recipes/europe/france/gratin-dauphinois,it/ricette/europa/francia/patate-gratinate-del-delfinato,,,,,,,,
gruyere cheese,formaggio groviera,,,,,,,,
emmental cheese,formaggio emmental,,,,,,,,
fresh cream,panna fresca,,,,,,,,
End of summer in Pinarella,Fine estate a Pinarella,,,,,,,,
france,francia,,,,,,,,
grinded,grattugiato,,,,,,,,
peeled; thin sliced,pelato; affettato finemente,,,,,,,,
Mashed fava beans with tuna and capers,Puree di fave con tonno e capperi,,,,,,,,
recipes/mediterranea/greece/mashed-fava-beans-with-tuna-and-capers,it/recipes/mediterranea/italia/puree-di-fave-con-tonno-e-capperi,,,,,,,,
fava beans; tuna fish,fave; tonno,,,,,,,,
fava bean,fave,,,,,,,,
Cheese-stuffed peppers,Peperoni ripieni al formaggio,,,,,,,,
serbia,Serbia ,,,,,,,,
bell pepper; feta cheese,peperoni; formaggio feta,,,,,,,,
recipes/europe/serbia/cheese-stuffed-peppers,it/ricette/europa/serbia/peperoni-ripieni-al-formaggio,,,,,,,,
Artichoke hipster ravioli,Ravioli hipster con carciofi,,,,,,,,
recipes/world-fusion/artichoke-hipster-ravioli,it/ricette/fusion/ravioli-hipster-con-carciofi,,,,,,,,
artichoke; asparagus,carciofi; asparagi,,,,,,,,
white asparagus,asparagi bianchi,,,,,,,,
green celery,sedano,,,,,,,,
artichoke,carciofi,,,,,,,,
Berlin multi-cooking jam,Jam session di cucina a Berlino,,,,,,,,
Enginar dolmasi (steamed artichokes),Enginar dolmasi (carciofi stufati),,,,,,,,
recipes/middle-east/turkey/enginar-dolmasi-steamed-artichokes,it/ricette/medio-oriente/turchia/enginar-dolmasi-carciofi-stufati,,,,,,,,
artichoke; rice,carciofi; riso,,,,,,,,
Risotto al vino bianco ed asparagi (rice with asparagus and white wine),Risotto al vino bianco ed asparagi,,,,,,,,
recipes/mediterranea/italy/risotto-al-vino-bianco-ed-asparagi-rice-with-aspagarus-and-white-wine,it/ricette/paesi-mediterranei/italia/risotto-al-vino-bianco-ed-asparagi,,,,,,,,
lemongrass,citronella,,,,,,,,
vietnamese fish sauce,Salsa di pesce vietnamese,,,,,,,,
vietnam,Vietnam ,,,,,,,,
fresh thai basil,basilico tailandese,,,,,,,,
fresh sprout,germogli freschi,,,,,,,,
Pho Ga (Vietnamese chicken soup with rice noodles),Pho Ga (zuppa vietnamese di pollo con spaghetti di riso),,,,,,,,
recipes/asia/vietnam/pho-ga-vietnamese-chicken-soup-with-rice-noodles,it/ricette/asia/vietnam/pho-ga-zuppa-vietnamese-di-pollo-con-spaghetti-di-riso,,,,,,,,
chicken; rice,pollo; riso,,,,,,,,
rice noodle,spaghetti di riso,,,,,,,,
Cauliflower soup with Ras-El-Hanout,Zuppa di cavolfiore con Ras-El-Hanout,,,,,,,,
recipes/world-fusion/cauliflower-soup-with-ras-el-hanout,it/ricette/fusion/zuppa-di-cavolfiore-con-ras-el-hanout,,,,,,,,
ras-el-hanout,ras-el-hanout,,,,,,,,
cauliflower,cavolfiore,,,,,,,,
mustard,senape,,,,,,,,
dry red chili,peperoncini secchi,,,,,,,,
white bread,pane bianco,,,,,,,,
roll,rotolo,,,,,,,,
Cauliflower vegan soup with Ras-El-Hanout,Zuppa vegana di cavolfiore con Ras-El-Hanout,,,,,,,,
recipes/world-fusion/cauliflower-vegan-soup-with-ras-el-hanout,it/ricette/fusion/zuppa-vegana-di-cavolfiore-con-ras-el-hanout,,,,,,,,
fresh soy cream,panna di soia,,,,,,,,
apple sweetener,dolcificante di mela,,,,,,,,
maple syrup,sciroppo di acero,,,,,,,,
vegan butter,burro vegano,,,,,,,,
Pastitsio (baked pasta with minced beef) ,Pasticcio di pasta e carne,,,,,,,,
recipes/mediterranea/greece/pastitsio-baked-pasta-with-minced-beef,it/ricette/paesi-mediterranei/grecia/pasticcio-di-pasta-e-carne,,,,,,,,
pasta; beef meat,pasta; carne di manzo,,,,,,,,
spaghetti,spaghetti,,,,,,,,
soy strip,carne di soia,,,,,,,,
green apple,mele verdi,,,,,,,,
Honey apple cake,Torta di mele al miele,,,,,,,,
recipes/south-america/brazil/honey-apple-cake,it/ricette/sudamerica/brasile/torta-di-mele-al-miele,,,,,,,,
large strainer,colino grande,,,,,,,,
honey; apple,miele; mele,,,,,,,,
black tea,te' nero,,,,,,,,
dry misithra cheese,formaggio secco misithra,,,,,,,,
Kisir (turkish cracked wheat salad),Kisir (tabbouleh turco),,,,,,,,
recipes/middle-east/turkey/kisir-turkish-cracked-wheat-salad,it/ricette/medio-oriente/turchia/kisir-tabbouleh-turco,,,,,,,,
gentiline lettuce,insalata gentilina,,,,,,,,
cut in 1 cm strips,tagliata a fettine di 1 cm,,,,,,,,
Chukkandar tikki (red beetroot burgers),Chukkandar tikki (polpette di rape rosse),,,,,,,,
recipes/asia/india/chukkandar-tikki-red-beetroot-burgers,it/ricette/asia/india/chukkandar-tikki-polpette-di-rape-rosse,,,,,,,,
Choco-salame,Salame di cioccolato,,,,,,,,
recipes/mediterranea/italy/choco-salame,it/ricette/paesi-mediterranei/italia/salame-di-cioccolato,,,,,,,,
bain-marie,bagnomaria,,,,,,,,
cookie,biscotti,,,,,,,,
crumbled; toasted,spezzettato; tostato,,,,,,,,
Custard cake,Torta con crema pasticcera,,,,,,,,
recipes/mediterranea/italy/custard-cake,it/ricette/paesi-mediterranei/italia/torta-con-crema-pasticcera,,,,,,,,
eggs; flour; sugar,uova; farina; zucchero,,,,,,,,
wooden spoon,mestolo di legno,,,,,,,,
white flour type 00,farina bianca tipo 00,,,,,,,,
Armenian style Georgian eggplants,Melanzane georgiane alla armena,,,,,,,,
recipes/asia/armenia/armenian-style-georgian-eggplants,it/ricette/paesi-mediterranei/italia/melanzane-georgiane-alla-armena,,,,,,,,
khmeli-suneli,spezie khmeli-suneli,,,,,,,,
pomegranate,melograno,,,,,,,,
mayonnaise,maionese,,,,,,,,
Palak murgh (pakistani marinated chicken with basmati rice),Palak murgh (pollo marinato alla pakistana con riso basmati),,,,,,,,
recipes/asia/pakistan/palak-murgh-pakistani-marinated-chicken-with-basmati-rice,it/ricette/asia/pakistan/palak-murgh-pollo-marinato-alla-pakistana-con-riso-basmati,,,,,,,,
removed fat parts; cut into cubes of 3 cm,rimosso il grasso; tagliato a cubi di 3 cm,,,,,,,,
mortar,mortaio,,,,,,,,
3 cm long,lunga 3 cm,,,,,,,,
ground fenugreek,fieno greco,,,,,,,,
Spinach puree,Pure' di spinaci,,,,,,,,
recipes/europe/serbia/spinach-puree,it/ricette/europa/serbia/pure-di-spinaci,,,,,,,,
vegetable stock cube,dado per brodo vegetale,,,,,,,,
Cantarelle (sweet crepes with olive oil),Cantarelle (crepes fritte dolci),,,,,,,,
recipes/mediterranea/italy/cantarelle-sweet-crepes-with-olive-oil,it/ricette/paesi-mediterranei/italia/cantarelle,,,,,,,,
xMas is coming,Natale sta arrivando,,,,,,,,
flour; sugar,farina; zucchero,,,,,,,,
Salsa verde e bollito (boiled meat with green sauce),Salsa verde e bollito,,,,,,,,
recipes/mediterranea/italy/salsa-verde-e-bollito-boiled-meat-with-green-sauce,it/ricette/paesi-mediterranei/italia/salsa-verde-e-bollito,,,,,,,,
veal head,testa di vitello,,,,,,,,
veal tongue,lingua di vitello,,,,,,,,
veal leg,zampa di vitello,,,,,,,,
Sarmale (veg version with walnuts),Sarmale (versione veg con noci),,,,,,,,
recipes/europe/romania/sarmale-veg-version-with-walnuts,it/ricette/europa/romania/sarmale-versione-veg-con-noci,,,,,,,,
cabbage; walnuts,cavolo; noci,,,,,,,,
romania,romania,,,,,,,,
vegetable soup concentrate,brodo vegetale concentrato,,,,,,,,
Blinchiki (savory crepes; veg version),Blinchiki (crepese salate; versione veg),,,,,,,,
Blinchiki (savory crepes; non-veg version),Blinchiki (crepese salate; versione non veg),,,,,,,,
recipes/asia/russia/blinchiki-savory-crepes,it/ricette/asia/russia/blinchiki-crepes-salate,,,,,,,,
hard boiled; finely chopped,bollito; affettato finemente,,,,,,,,
Purceddhruzzi (xmas cookies from Salento),Purceddhruzzi (biscotti natalizi del Salento),,,,,,,,
recipes/mediterranea/italy/purceddhruzzi,it/ricette/paesi-mediterranei/italia/purceddhruzzi,,,,,,,,
flour; oranges; honey,farina; arance; miele,,,,,,,,
pure alcohol,alcool puro,,,,,,,,
coloured candy,caramelline colorate,,,,,,,,
mandarin,mandarino,,,,,,,,
Lu pistingu (Xmas dessert from Marche region),Lu pistingu (o frustingu) (dolce natalizio delle Marche),,,,,,,,
recipes/mediterranea/italy/lu-pistingu-xmas-dessert-from-marche-region,it/ricette/paesi-mediterranei/italia/lu-pistingu-o-frustingu,,,,,,,,
dried figs; walnuts; almonds,fichi secchi; noci; mandorle,,,,,,,,
dried fig,fichi secchi,,,,,,,,
cooked wine,vin cotto,,,,,,,,
coffee,caffe',,,,,,,,
walnut kernel,gherigli di noci,,,,,,,,
rhum,rum,,,,,,,,
Ragout fin (salty Xmas pies),Ragout fin (tortine salate natalizie),,,,,,,,
recipes/europe/germany/ragout-fin-salty-xmas-pies,it/ricette/europa/germania/ragout-fin-tortine-salate-natalizie,,,,,,,,
puff pastry; chicken,pasta sfoglia; pollo,,,,,,,,
small cup,tazzina,,,,,,,,
worcester sauce,salsa Worcester,,,,,,,,
puff pastry,pasta sfoglia,,,,,,,,
Olivier salad,Insalata olivier (insalata russa),,,,,,,,
recipes/europe/belarus/olivier-salad,it/ricette/europa/bielorussia/insalata-olivier,,,,,,,,
potatoes; veal meat,patate; carne di vitello,,,,,,,,
belarus,Bielorussia,,,,,,,,
veal meat,carne di vitello,,,,,,,,
canned pea,piselli in scatola,,,,,,,,
pickled cucumber,cetrioli sottaceto,,,,,,,,
Mercimek koftesi (red lentils burgers),Mercimek koftesi (plopette di lenticchie rosse),,,,,,,,
recipes/middle-east/turkey/mercimek-koftesi-red-lentils-burgers,it/ricette/medio-oriente/turchia/mercimek-koftesi-polpette-di-lenticchie-rosse,,,,,,,,
red lentils; bulgur,lenticchie rosse; bulgur,,,,,,,,
pimento,pepe garofanato,,,,,,,,
cous-cous,cous-cous,,,,,,,,
red lentil,lenticchie rosse,,,,,,,,
Biscay style cod (bacalao a la vizcaina),Baccala' alla biscagliese (bacalao a la vizcaina),,,,,,,,
recipes/central-america/guatemala/biscay-style-cod-bacalao-a-la-vizcaina,it/ricette/centroamerica/guatemala/baccala-alla-biscagliese-bacalao-a-la-vizcaina,,,,,,,,
boiled; pan-fried,bollito; in padella,,,,,,,,
1st CusCus Workshop,Primo Workshop CusCus,,,,,,,,
2nd CusCus Workshop,Secondo Workshop CusCus,,,,,,,,
guatemala,Guatemala ,,,,,,,,
dry cod,baccala' secco,,,,,,,,
pitted green olive,oliva verde snocciolata,,,,,,,,
stuffed olive,oliva ripiena,,,,,,,,
Sacivi (chicken puree),Sacivi (passato di pollo),,,,,,,,
recipes/europe/georgia/sacivi-chicken-puree,it/ricette/europa/georgia/sacivi-passato-di-pollo,,,,,,,,
georgia,georgia,,,,,,,,
ground saffron,zafferano in polvere,,,,,,,,
apple vinegar,aceto di mele,,,,,,,,
Ndole and yam (chicken and shrimps sautee with peanuts),Ndole and yam (pollo e gamberi in padella con arachidi),,,,,,,,
recipes/africa/camerun/ndole-and-yam-chicken-and-shrimps-sautee-with-peanuts,it/ricette/africa/camerun/ndole-and-yam/pollo-e-gamberi-in-padella-con-arachidi,,,,,,,,
camerun,camerun,,,,,,,,
igname potato,patata igname,,,,,,,,
stock cube,dado per brodo,,,,,,,,
chicken; shrimps; spinaches; peanuts,pollo; gamberi; spinaci; arachidi,,,,,,,,
peanut,arachidi,,,,,,,,
head,testa,,,,,,,,
Avocado salad,Insalata di avocado,,,,,,,,
recipes/africa/ivory-coast/avocado-salad,it/ricette/africa/costa-d-avorio/insalata-di-avocado,,,,,,,,
ivory coast,costa d'avorio,,,,,,,,
bag,busta,,,,,,,,
Syltiash (rice and milk dessert),Syltiash (dolce di riso e latte),,,,,,,,
recipes/europe/albania/syltiash/rice-and-milk-dessert,it/ricette/europa/albania/dolce-di-riso-e-latte,,,,,,,,
albania,Albania ,,,,,,,,
rice; milk,riso; latte,,,,,,,,
Celo zereshk morgh (rice with currant and chicken),Celo zereshk morgh (riso con ribes e pollo),,,,,,,,
recipes/asia/iran/celo-zereshk-morh-rice-with-currant-and-chicken,it/ricette/asia/iran/celo-zereshk-morgh-riso-con-ribes-e-pollo,,,,,,,,
rice; currant; chicken,riso; ribes; pollo,,,,,,,,
ground red pepper,pepe rosso in polvere,,,,,,,,
currant,ribes,,,,,,,,
ground ginger,zenzero in polvere,,,,,,,,
iran,iran,,,,,,,,
goat meet,carne di capra,,,,,,,,
Aloko avec poisson (fish and plantain),Aloko avec poisson (pesce e platani),,,,,,,,
recipes/africa/ivory-coast/aloko-avec-poisson-fish-and-plantain,it/ricette/africa/costa-d-avorio/aloko-avec-poisson-pesce-e-platani,,,,,,,,
plantain,platano,,,,,,,,
sea bream,orata,,,,,,,,
mackerel,sgombro,,,,,,,,
plantain; sea bream,platano; orata,,,,,,,,
Fish pastilla,Pastilla di pesce,,,,,,,,
recipes/africa/morocco/fish-pastilla,it/ricette/africa/marocco/pastilla-di-pesce,,,,,,,,
shrimp; calamari; sea bream; surimi,gamberi; calamari; orata; surimi,,,,,,,,
fried; baked,fritto; al forno,,,,,,,,
clay pot,pentola di argilla,,,,,,,,
Tagin (beef stew),Tagin (stufato di manzo),,,,,,,,
recipes/africa/morocco/tagin-beef-stew,it/ricette/africa/marocco/tagin-stufato-di-manzo,,,,,,,,
beef meat; vegetables,manzo; verdure,,,,,,,,
Fried rice,Riso fritto,,,,,,,,
recipes/africa/nigeria/fried-rice,it/ricette/africa/nigeria/riso-fritto,,,,,,,,
beef liver,fegato di manzo,,,,,,,,
canned corn,mais in scatola,,,,,,,,
rice; beef liver,riso; fegato di manzo,,,,,,,,
Rice and beans with soup,Riso e fagioli con zuppa,,,,,,,,
recipes/africa/gambia/rice-and-beans-with-soup,it/ricette/africa/gambia/riso-e-fagioli-con-zuppa,,,,,,,,
beef meat; beans,carne di manzo; fagioli,,,,,,,,
Casceche bamdegian (fried eggplants with goat yogurt),Casceche bamdegian (melanzane fritte allo yogurt di capra),,,,,,,,
recipes/asia/iran/casceche-bamdegian-freidd-eggplants-with-goat-yogurt,it/ricette/asia/iran/casceche-bamdegian-melanzane-fritte-allo-yogurt-di-capra,,,,,,,,
casceche,yogurt di capra iraniano,,,,,,,,
goat yogurt,yogurt di capra,,,,,,,,
dry rose,rosa essiccata,,,,,,,,
baked;pan-fried,arrosto; fritto in padella,,,,,,,,
Thiebou yapp (stewed lamb with rice),Thiebou yapp (agnello stufato con riso),,,,,,,,
recipes/africa/senegal/thiebou-yapp-stewed-lamb-with-rice,it/ricette/africa/senegal/thiebou-yapp-agnello-stufato-con-riso,,,,,,,,
senegal,senegal,,,,,,,,
Kayke badumi (almond and jam cake),Kayke badumi (torta di marmellata e mandorle),,,,,,,,
recipes/asia/iran/kayke-badumi-almond-and-jam-cake,it/ricette/asia/iran/kayke-badumi-torta-di-marmellata-e-mandorle,,,,,,,,
flour; sugar; butter; egg ,farina; zucchero; burro; uova,,,,,,,,
peach jam,marmellata di pesche,,,,,,,,
Karb ighzal (coconut and semolina dessert),Karb igzhal (dessert di semolino e cocco),,,,,,,,
recipes/africa/morocco/karb-ighzal/coconut-and-semolina-dessert,it/ricette/africa/marocco/karb-ighzal-dessert-di-semolino-e-cocco,,,,,,,,
coconut; semolina,cocco; semolino,,,,,,,,
orange essence,estratto di arancia,,,,,,,,
rose water,acqua di rose,,,,,,,,
surimi,surimi,,,,,,,,
Soup with shrimps and vegetables,Zuppa con gamberi e verdure,,,,,,,,
recipes/africa/mali/soup-with-shrimps-and-vegetables,it/ricette/africa/mali/zuppa-con-gamberi-e-verdure,,,,,,,,
rice; cous cous; shrimps; vegetables,riso; cous cous; gamberi; verdure,,,,,,,,
green bell pepper,peperone verde,,,,,,,,
savoy cabbage,verza,,,,,,,,
peanut oil,olio di arachidi,,,,,,,,
white long radish,ravanello bianco lungo,,,,,,,,
Mozzarella in carrozza (fried mozzarella cheese in toast bread),Mozzarella in carrozza,,,,,,,,
recipes/mediterranea/italy/mozzarella-in-carrozza-fried-mozzarella-cheese-in-toast-bread,it/ricette/paesi-mediterranei/italia/mozzarella-in-carrozza,,,,,,,,
toast bread,pane in cassetta,,,,,,,,
mascarpone cheese,mascarpone,,,,,,,,
canned pineapple,ananas in lattina,,,,,,,,
hazelnut shred,nocciole in pezzetti,,,,,,,,
Tiramisu with pineapple,Tiramisu con ananas,,,,,,,,
recipes/mediterranea/italy/tiramisu-with-pineapple,it/ricette/paesi-mediterranei/italia/tiramisu-con-ananas,,,,,,,,
mascarpone cheese; pineapple,mascarpone; ananas,,,,,,,,
Orecchiette alle cime di rapa (ear-shaped pasta with turnip tops),Orecchiette alle cime di rapa,,,,,,,,
recipes/mediterranea/italy/orecchiette-alle-cime-di-rapa-ear-shaped-pasta-with-turnip-tops,it/ricette/paesi-mediterranei/italia/orecchiette-alle-cime-di-rapa,,,,,,,,
semolina flour; turnip greens,farina di semola; cime di rapa,,,,,,,,
turnip green,cima di rapa,,,,,,,,
Linzerschnitten (Linz cake biscuits),Linzerschnitten (biscotti di torta Linzer),,,,,,,,
recipes/mediterranea/italy/linzerschnitten-linz-cake-biscuits,it/ricette/paesi-mediterranei/italia/linzerschnitten-biscotti-di-torta-linzer,,,,,,,,
cranberry jam; hazelnut; almond,marmellata di mirtilli rossi; nocciole; mandorle,,,,,,,,
cranberry jam,marmellata di mirtilli rossi,,,,,,,,
Baccala' 'm brodettu (stockfish in broth),Baccala 'm 'brodettu,,,,,,,,
recipes/mediterranea/italy/baccala-m-brodettu-stockfish-in-broth,it/ricette/paesi-mediterranei/italia/baccala-m-brodettu,,,,,,,,
stockfish,stoccafisso,,,,,,,,
black olive in brine,olive nere in salamoia,,,,,,,,
green olive in brine,olive verdi in salamoia,,,,,,,,
Apple strudel,Strudel di mele,,,,,,,,
recipes/mediterranea/italy/apple-strudel,it/ricette/paesi-mediterranei/italia/strudel-di-mele,,,,,,,,
apricot jam,marmellata di albicocche,,,,,,,,
dry biscuit,biscotti secchi,,,,,,,,
Chocolate salami,Salame di cioccolata,,,,,,,,
recipes/mediterranea/italy/chocolate-salami,it/ricette/paesi-mediterranei/italia/salame-di-cioccolata,,,,,,,,
terrine,terrina,,,,,,,,
Treviso radicchio,radicchio di Treviso,,,,,,,,
Dumpling trio with Treviso radicchio sauce,Trio di gnocchi con salsa al radicchio di Treviso,,,,,,,,
recipes/mediterranea/italy/dumpling-trio-with-treviso-radicchio-sauce,it/ricette/paesi-mediterranei/italia/trio-di-gnocchi-con-salsa-al-radicchio-di-Treviso,,,,,,,,
Crumble cake of courgettes and stewed lentils,Sbrisolona di zucchini e lenticchie stufate,,,,,,,,
recipes/mediterranea/italy/crumble-cake-of-courgettes-and-stewed-lentils,it/ricette/paesi-mediterranei/italia/sbrisolona-di-zucchini-e-lenticchie-stufate,,,,,,,,
Spatzle (spinach dumplings with speck ham and cream),Spatzle di spinaci con speck e panna,,,,,,,,
recipes/mediterranea/italy/spatzle-spinach-dumplings-with-speck-ham-and-cream,it/ricette/paesi-mediterranei/italia/spatzle-di-spinaci-con-speck-e-panna,,,,,,,,
spinach; speck ham,spinaci; speck,,,,,,,,
speck ham,speck,,,,,,,,
ravioli shape,formina per ravioli,,,,,,,,
Ravioli from Langhe,Ravioli delle Langhe,,,,,,,,
recipes/mediterranea/italy/ravioli-from-langhe,it/ricette/paesi-mediterranei/italia/ravioli-delle-langhe,,,,,,,,
Sfincione (Sicilian style pizza),Sfincione alla palermitana,,,,,,,,
recipes/mediterranea/italy/sfincione-sicilian-style-pizza,it/ricette/paesi-mediterranei/italia/sfincione-alla-palermitana,,,,,,,,
flour; tomato; onion; anchovies; caciocavallo cheese,farina; pomodori; cipolle; acciughe; caciocavallo,,,,,,,,
canned anchovy,acciuga sott'olio,,,,,,,,
caciocavallo cheese,caciocavallo,,,,,,,,
yellow onion,cipolla dorata,,,,,,,,
canned peeled tomato,pomodori pelati,,,,,,,,
brewer yeast,lievito di birra,,,,,,,,
yeast for salty pies,lievito per torte salata,,,,,,,,
kamut flour,farina di kamut,,,,,,,,
skimmer,schiumarola,,,,,,,,
Strangolapreti alla trentina (spinach dumplings),Strangolapreti alla trentina,,,,,,,,
recipes/mediterranea/strangolapreti-alla-trentina-spinach-dumplings,it/ricette/paesi-mediterranei/italia/strangolapreti-alla-trentina,,,,,,,,
bread; spinach,pane; spinaci,,,,,,,,
frozen spinach,spinaci surgelati,,,,,,,,
small loaf,spaccatina,,,,,,,,
